budget_FLOPs,context_tokens,quality_family,loss_gap_to_best_cost_scenario,training_share,attention_share,quality_share
1e+19,2048,exponential,0.0,0.8432453800620721,0.05756555127890413,0.09918906865902376
3e+19,2048,exponential,0.07152810365536988,0.7047983059737336,0.0481142310211402,0.24708746300512618
1e+20,2048,exponential,0.057937351775271484,0.6200593061135767,0.042329381964020175,0.33761131192240307
3e+20,2048,exponential,0.033391347678409566,0.6661808192553621,0.04547794392783271,0.28834123681680524
1e+21,2048,exponential,0.01723842743713444,0.7465551706484076,0.050964832982931293,0.20247999636866112
3e+21,2048,exponential,0.009126532852438363,0.8061678814748436,0.05503439404201598,0.13879772448314037
1e+22,2048,exponential,0.004417400609720179,0.8545924341407257,0.058340176837340205,0.08706738902193403
3e+22,2048,exponential,0.002234900180594579,0.8848014627464683,0.06040244652349224,0.05479609073003937
1e+23,2048,exponential,0.0,0.8915498883074219,0.060863139041786675,0.04758697265079135
3e+23,2048,exponential,0.0,0.8915498883074219,0.060863139041786675,0.04758697265079135
1e+24,2048,exponential,0.0,0.8915498883074219,0.060863139041786675,0.04758697265079135
1e+19,2048,power,0.0076673579974562145,0.9360958562156765,0.06390414378432352,0.0
3e+19,2048,power,0.10854351798053141,0.7360840095740001,0.050250001720251736,0.21366598870574816
1e+20,2048,power,0.07694932069811244,0.5383334603703347,0.03675023089461485,0.4249163087350505
3e+20,2048,power,0.042679115098362086,0.6358440847952622,0.04340695618868991,0.3207489590160478
1e+21,2048,power,0.022243779466946112,0.7204712170779953,0.049184168419191154,0.23034461450281354
3e+21,2048,power,0.011868162377909997,0.7854142495517998,0.05361761276940288,0.1609681376787972
1e+22,2048,power,0.00578353761092254,0.839885208293816,0.05733616355285783,0.10277862815332629
3e+22,2048,power,0.002939219092752854,0.8748038484452404,0.059719942720528406,0.06547620883423116
1e+23,2048,power,0.0,0.882196739159114,0.06022463072659552,0.057578630114290555
3e+23,2048,power,0.0,0.882196739159114,0.06022463072659552,0.057578630114290555
1e+24,2048,power,0.0,0.882196739159114,0.06022463072659552,0.057578630114290555
1e+19,2048,logarithmic,0.00766735799783147,0.9360958562156764,0.06390414378432352,0.0
3e+19,2048,logarithmic,0.0,0.5578283801985244,0.038081084088219266,0.40409053571325637
1e+20,2048,logarithmic,0.0,0.7506454746714158,0.05124406440423532,0.1981104609243488
3e+20,2048,logarithmic,0.0,0.8093610715082543,0.05525238248163016,0.13538654601011563
1e+21,2048,logarithmic,0.0,0.8568141904941626,0.058491848737734844,0.0846939607681025
3e+21,2048,logarithmic,0.0,0.8862921400800378,0.06050421009613058,0.05320364982383162
1e+22,2048,logarithmic,0.0,0.9070103900687585,0.06191857596202726,0.03107103396921414
3e+22,2048,logarithmic,0.0,0.9185922287249757,0.06270922948095835,0.01869854179406588
1e+23,2048,logarithmic,0.0,0.9215350073727119,0.06291012316997714,0.01555486945731094
3e+23,2048,logarithmic,0.0,0.9215350073727119,0.06291012316997714,0.01555486945731094
1e+24,2048,logarithmic,0.0,0.9215350073727119,0.06291012316997714,0.01555486945731094
1e+19,4096,exponential,0.0,0.794907978844273,0.10853143604487142,0.09656058511085555
3e+19,4096,exponential,0.07152443307839418,0.6646761864136704,0.09075045531834648,0.2445733582679831
1e+20,4096,exponential,0.057462134229301576,0.5831309272150714,0.07961680926243109,0.3372522635224975
3e+20,4096,exponential,0.03292880741083115,0.6305865621684662,0.08609608528806792,0.2833173525434658
1e+21,4096,exponential,0.016962530785320062,0.7054354369665528,0.0963154516605,0.1982491113729473
3e+21,4096,exponential,0.008965379434946463,0.7606512380405822,0.10385424903380747,0.13549451292561035
1e+22,4096,exponential,0.0043333180838551755,0.8052831108712456,0.1099479874042874,0.08476890172446688
3e+22,4096,exponential,0.002190406981766646,0.8330122182577209,0.11373393486612082,0.05325384687615825
1e+23,4096,exponential,0.0,0.8404004772120792,0.11474267848868923,0.04485684429923145
3e+23,4096,exponential,0.0,0.8404004772120792,0.11474267848868923,0.04485684429923145
1e+24,4096,exponential,0.0,0.8404004772120792,0.11474267848868923,0.04485684429923145
1e+19,4096,power,0.007403937679887118,0.8798686062881276,0.12013139371187237,0.0
3e+19,4096,power,0.10873791188007287,0.6944669986056144,0.09481789420961988,0.21071510718476572
1e+20,4096,power,0.07662982543467844,0.5090166539761365,0.06949774048954183,0.4214856055343218
3e+20,4096,power,0.04211017912006643,0.6022313704514635,0.08222465644563982,0.3155439731028966
1e+21,4096,power,0.0218986242598862,0.6811916717666379,0.09300536958520496,0.22580295864815716
3e+21,4096,power,0.011663493780614598,0.7414603103622248,0.10123404770812244,0.15730564192965268
1e+22,4096,power,0.005675226397841904,0.7917505562830499,0.10810034261784575,0.10014910109910433
3e+22,4096,power,0.0028813358945711798,0.8238456598884523,0.11248239409677001,0.06367194601477776
1e+23,4096,power,0.0,0.8320847427912752,0.11360730354910212,0.05430795365962272
3e+23,4096,power,0.0,0.8320847427912752,0.11360730354910212,0.05430795365962272
1e+24,4096,power,0.0,0.8320847427912752,0.11360730354910212,0.05430795365962272
1e+19,4096,logarithmic,0.007403937678929218,0.8798686062881276,0.12013139371187236,0.0
3e+19,4096,logarithmic,0.0,0.524322029816239,0.0715874344709105,0.4040905357128506
1e+20,4096,logarithmic,0.0,0.7092327763397059,0.09683391506291451,0.1939333085973795
3e+20,4096,logarithmic,0.0,0.7636007837130626,0.10425696033629014,0.13214225595064735
1e+21,4096,logarithmic,0.0,0.8073256039923066,0.11022685579841625,0.0824475402092772
3e+21,4096,logarithmic,0.0,0.8343780789749673,0.11392042038271556,0.05170150064231721
1e+22,4096,logarithmic,0.0,0.8533365428812735,0.11650888265472323,0.03015457446400316
3e+22,4096,logarithmic,0.0,0.8639135971738919,0.11795300313414206,0.01813339969196601
1e+23,4096,logarithmic,0.0,0.8669924081862781,0.11837336346436651,0.014634228349355419
3e+23,4096,logarithmic,0.0,0.8669924081862781,0.11837336346436651,0.014634228349355419
1e+24,4096,logarithmic,0.0,0.8669924081862781,0.11837336346436651,0.014634228349355419
1e+19,8192,exponential,0.0,0.7134380576603664,0.19481615227845736,0.09174579006117638
3e+19,8192,exponential,0.07144810174523153,0.5970156193394134,0.16302506512094916,0.23995931553963745
1e+20,8192,exponential,0.05651906403975193,0.5211649146752464,0.1423127660339873,0.3365223192907662
3e+20,8192,exponential,0.03208785660422864,0.5701158449164043,0.1556796333851728,0.2742045216984229
1e+21,8192,exponential,0.016463965934633062,0.6357593120575026,0.17360467614583536,0.19063601179666212
3e+21,8192,exponential,0.008675602454613962,0.683708984987784,0.18669813350066422,0.12959288151155177
1e+22,8192,exponential,0.0041827777495271334,0.7221226312364953,0.19718761983631233,0.08068974892719244
3e+22,8192,exponential,0.0021109732032091877,0.745813625886614,0.2036568407754381,0.0505295333379478
1e+23,8192,exponential,0.0,0.7538963865198478,0.2058639732790198,0.04023964020113239
3e+23,8192,exponential,0.0,0.7538963865198478,0.2058639732790198,0.04023964020113239
1e+24,8192,exponential,0.0,0.7538963865198478,0.2058639732790198,0.04023964020113239
1e+19,8192,power,0.00691830864224352,0.7855048177628822,0.21449518223711772,0.0
3e+19,8192,power,0.10901392033147284,0.6242468782789906,0.1704610142287164,0.205292107492293
1e+20,8192,power,0.07619609365508584,0.45938384658947556,0.12544241570869946,0.415173737701825
3e+20,8192,power,0.041074471879136265,0.5450792930731428,0.14884298562850623,0.3060777212983508
1e+21,8192,power,0.021274085101429918,0.6145727955488982,0.16781934470455245,0.21760785974654934
3e+21,8192,power,0.011295029304382531,0.6670938911617379,0.1821611052132319,0.15074500362503032
1e+22,8192,power,0.005481122962291973,0.7105107065459412,0.19401679026747834,0.09547250318658056
3e+22,8192,power,0.0027779251804167515,0.73799770282568,0.2015225727182657,0.06047972445605427
1e+23,8192,power,0.0,0.7471976343360845,0.20403476734937354,0.048767598314541874
3e+23,8192,power,0.0,0.7471976343360845,0.20403476734937354,0.048767598314541874
1e+24,8192,power,0.0,0.7471976343360845,0.20403476734937354,0.048767598314541874
1e+19,8192,logarithmic,0.006918308642873683,0.7855048177628823,0.21449518223711775,0.0
3e+19,8192,logarithmic,0.0,0.468089755147603,0.12781970913897214,0.40409053571342485
1e+20,8192,logarithmic,0.0,0.6390707683883993,0.17450892448792554,0.1864203071236752
3e+20,8192,logarithmic,0.0,0.6862576198113851,0.18739408071649558,0.12634829947211917
1e+21,8192,logarithmic,0.0,0.7238724430992903,0.19766543512897955,0.07846212177173009
3e+21,8192,logarithmic,0.0,0.7469768681187964,0.20397448345430597,0.04904864842689772
1e+22,8192,logarithmic,0.0,0.7630852131442569,0.2083731355359251,0.028541651319818107
3e+22,8192,logarithmic,0.0,0.7720406428038928,0.21081856486164963,0.017140792334457564
1e+23,8192,logarithmic,0.0,0.7752262674609937,0.21168845276801534,0.01308527977099098
3e+23,8192,logarithmic,0.0,0.7752262674609937,0.21168845276801534,0.01308527977099098
1e+24,8192,logarithmic,0.0,0.7752262674609937,0.21168845276801534,0.01308527977099098
1e+19,16384,exponential,0.0,0.5927669687363387,0.32372980052587247,0.08350323073778891
3e+19,16384,exponential,0.07109463134505134,0.49670097666487445,0.2712649600559101,0.23203406327921544
1e+20,16384,exponential,0.055081013277528346,0.43444385380130746,0.23726427002268743,0.32829187617600514
3e+20,16384,exponential,0.030667290915987966,0.47933908441163603,0.26178305196667484,0.25887786362168924
1e+21,16384,exponential,0.01563065337611036,0.5316416451595788,0.290347223809818,0.17801113103060318
3e+21,16384,exponential,0.00819536547995714,0.5692094736648343,0.3108642672174882,0.11992625911767736
1e+22,16384,exponential,0.003935116034583075,0.598858919381937,0.3270568178384552,0.07408426277960783
3e+22,16384,exponential,0.0019809155883270257,0.6169244610532708,0.33692301232989297,0.046152526616836206
1e+23,16384,exponential,0.0,0.625191898278403,0.3414381353797785,0.03336996634181846
3e+23,16384,exponential,0.0,0.625191898278403,0.3414381353797785,0.03336996634181848
1e+24,16384,exponential,0.0,0.625191898278403,0.3414381353797785,0.03336996634181848
1e+19,16384,power,0.006081555898297175,0.6467747499137632,0.35322525008623656,2.98023223876729e-16
3e+19,16384,power,0.10923080175267019,0.5200340926194277,0.28400795244922344,0.1959579549313489
1e+20,16384,power,0.07594101393819574,0.38529535441539253,0.21042263622472632,0.4042820093598811
3e+20,16384,power,0.03932097039037963,0.45915713641602013,0.2507610174346691,0.29008184614931076
1e+21,16384,power,0.020227822982795907,0.5148641006698292,0.2811844475124828,0.20395145181768803
3e+21,16384,power,0.010683127124532454,0.556258323744173,0.3037912125408177,0.13995046371500927
1e+22,16384,power,0.005161278169702577,0.5899412978933245,0.3221866074894743,0.0878720946172013
3e+22,16384,power,0.0026084124813738896,0.6109840113562781,0.3336787347353754,0.05533725390834653
1e+23,16384,power,0.0,0.6205781216608931,0.3389183981764024,0.04050348016270446
3e+23,16384,power,0.0,0.620578121660893,0.33891839817640246,0.0405034801627045
1e+24,16384,power,0.0,0.620578121660893,0.33891839817640246,0.0405034801627045
1e+19,16384,logarithmic,0.006081555898369118,0.6467747499137233,0.35322525008621475,6.198883056637351e-14
3e+19,16384,logarithmic,0.0,0.38541919473524017,0.21049026955140582,0.404090535713354
1e+20,16384,logarithmic,0.0,0.5342545166410183,0.29177420002154814,0.17397128333743359
3e+20,16384,logarithmic,0.0,0.5711895421612042,0.311945648625639,0.11686480921315681
1e+21,16384,logarithmic,0.0,0.6001992207420197,0.32778880108790837,0.0720119781700719
3e+21,16384,logarithmic,0.0,0.617806886985145,0.33740493454548715,0.04478817846936786
1e+22,16384,logarithmic,0.0,0.6299804668654483,0.34405333230411683,0.025966200830434903
3e+22,16384,logarithmic,0.0,0.636710190432219,0.3477286586680492,0.015561150899731872
1e+23,16384,logarithmic,0.0,0.6397900926513287,0.3494106959333123,0.010799211415358941
3e+23,16384,logarithmic,0.0,0.6397900926513287,0.34941069593331237,0.010799211415358953
1e+24,16384,logarithmic,0.0,0.6397900926513287,0.34941069593331237,0.010799211415358953
1e+19,24576,exponential,0.0,0.5075751803846112,0.4158055877710735,0.07661923184431525
3e+19,24576,exponential,0.07056506990334244,0.42579724845993905,0.34881310593838205,0.22538964560167898
1e+20,24576,exponential,0.054363923321727015,0.37317870274700105,0.30570799329034326,0.3211133039626557
3e+20,24576,exponential,0.029499504502567664,0.4142764133357023,0.33937523780460727,0.24634834885969045
1e+21,24576,exponential,0.014953918362968555,0.4574216134276588,0.3747197857199381,0.16785860085240312
3e+21,24576,exponential,0.007809101512833205,0.48798265982107036,0.3997553949254209,0.11226194525350881
1e+22,24576,exponential,0.0037375412678821718,0.5118105995901183,0.41927524318422493,0.06891415722565676
3e+22,24576,exponential,0.0018777063071704347,0.5261892659475839,0.4310542466642608,0.04275648738815529
1e+23,24576,exponential,0.0,0.5340238452868605,0.4374723340589962,0.028503820654143322
3e+23,24576,exponential,0.0,0.5340238452868605,0.4374723340589962,0.028503820654143322
1e+24,24576,exponential,0.0,0.5340238452868605,0.4374723340589962,0.028503820654143322
1e+19,24576,power,0.005382749551407606,0.549692172383465,0.45030782761653465,2.9802322387684205e-16
3e+19,24576,power,0.10914384723236115,0.4462859560986922,0.3655974552360487,0.1881165886652591
1e+20,24576,power,0.07624395855597044,0.3325099354663251,0.2723921391340135,0.3950979253996614
3e+20,24576,power,0.03787567574358963,0.3974642303071086,0.3256026974675834,0.27693307222530794
1e+21,24576,power,0.01937590386014776,0.4436525949198952,0.36344020575837815,0.19290719932172667
3e+21,24576,power,0.010189810671798583,0.4774913134681182,0.39116088399308246,0.1313478025387994
1e+22,24576,power,0.00490565912780383,0.5046728993669081,0.41342803916137105,0.08189906147172087
3e+22,24576,power,0.00247371996851653,0.5214734554315497,0.4271910546895255,0.05133548987892488
1e+23,24576,power,0.0,0.5306539314451866,0.4347117006398968,0.034634367914916614
3e+23,24576,power,0.0,0.5306539314451865,0.4347117006398968,0.03463436791491663
1e+24,24576,power,0.0,0.5306539314451865,0.4347117006398968,0.03463436791491663
1e+19,24576,logarithmic,0.005382749550100652,0.5496921723834646,0.4503078276165341,1.4305114746026624e-15
3e+19,24576,logarithmic,0.0,0.32756676796752543,0.2683426963189968,0.40409053571347775
1e+20,24576,logarithmic,0.0,0.4595595184048295,0.3764711574772363,0.1639693241179341
3e+20,24576,logarithmic,0.0,0.48958235186438787,0.4010658626473066,0.10935178548830557
1e+21,24576,logarithmic,0.0,0.5128811418534223,0.42015223140632346,0.06696662674025428
3e+21,24576,logarithmic,0.0,0.526888726627286,0.4316272448530728,0.041484028519641204
1e+22,24576,logarithmic,0.0,0.5365097375700033,0.43950877701734675,0.023981485412649814
3e+22,24576,logarithmic,0.0,0.5418050283473306,0.44384667922213317,0.01434829243053626
1e+23,24576,logarithmic,0.0,0.5446387843204823,0.4461680921153391,0.009193123564178653
3e+23,24576,logarithmic,0.0,0.5446387843204823,0.4461680921153391,0.009193123564178656
1e+24,24576,logarithmic,0.0,0.5446387843204823,0.4461680921153391,0.009193123564178656
1e+19,30000,exponential,0.0,0.46369071513537496,0.46369071513537496,0.07261856972924999
3e+19,30000,exponential,0.07015090621677844,0.3892412107337168,0.3892412107337168,0.22151757853256634
1e+20,30000,exponential,0.05416937020939061,0.3415364141200699,0.3415364141200699,0.31692717175986024
3e+20,30000,exponential,0.02882872874854492,0.3804086168335256,0.3804086168335256,0.23918276633294888
1e+21,30000,exponential,0.014568561096187427,0.4189395666690142,0.4189395666690142,0.16212086666197165
3e+21,30000,exponential,0.007590629652251657,0.4460131402221982,0.4460131402221982,0.10797371955560368
1e+22,30000,exponential,0.003626423623058095,0.46697630485841557,0.46697630485841557,0.06604739028316876
3e+22,30000,exponential,0.0018198694470132892,0.47955763952924557,0.47955763952924557,0.040884720941508884
1e+23,30000,exponential,0.0,0.48700297233541445,0.48700297233541445,0.025994055329171113
3e+23,30000,exponential,0.0,0.4870029723354144,0.4870029723354144,0.025994055329171126
1e+24,30000,exponential,0.0,0.4870029723354144,0.4870029723354144,0.025994055329171126
1e+19,30000,power,0.004978961868053133,0.5,0.5,0.0
3e+19,30000,power,0.10897188073990582,0.4082291856745958,0.4082291856745958,0.1835416286508083
1e+20,30000,power,0.07665568315106563,0.3051388062057051,0.3051388062057051,0.3897223875885898
3e+20,30000,power,0.03704390202746666,0.3653084672309357,0.3653084672309357,0.26938306553812863
1e+21,30000,power,0.01888987420539845,0.406679920358411,0.406679920358411,0.18664015928317804
3e+21,30000,power,0.009910331103860415,0.43674145324520386,0.43674145324520386,0.12651709350959234
1e+22,30000,power,0.004761717991808467,0.4607111342041751,0.4607111342041751,0.07857773159164978
3e+22,30000,power,0.0023981740583898237,0.475437302409439,0.475437302409439,0.049125395181122
1e+23,30000,power,0.0,0.48419881680740257,0.48419881680740257,0.03160236638519492
3e+23,30000,power,0.0,0.48419881680740257,0.48419881680740257,0.03160236638519493
1e+24,30000,power,0.0,0.48419881680740257,0.48419881680740257,0.03160236638519493
1e+19,30000,logarithmic,0.00497896186801583,0.4999999999999998,0.4999999999999998,4.768371582027572e-16
3e+19,30000,logarithmic,0.0,0.2979547321441047,0.2979547321441047,0.40409053571179065
1e+20,30000,logarithmic,0.0,0.42083980930196785,0.42083980930196785,0.15832038139606422
3e+20,30000,logarithmic,0.0,0.44742469850876804,0.44742469850876804,0.10515060298246395
1e+21,30000,logarithmic,0.0,0.4679148794602989,0.4679148794602989,0.06417024107940217
3e+21,30000,logarithmic,0.0,0.48016826779581817,0.48016826779581817,0.039663464408363554
1e+22,30000,logarithmic,0.0,0.4885536823211454,0.4885536823211454,0.022892635357709315
3e+22,30000,logarithmic,0.0,0.493157727225732,0.493157727225732,0.013684545548536011
1e+23,30000,logarithmic,0.0,0.4958154898308102,0.4958154898308102,0.008369020338379506
3e+23,30000,logarithmic,0.0,0.4958154898308102,0.4958154898308102,0.008369020338379505
1e+24,30000,logarithmic,0.0,0.4958154898308102,0.4958154898308102,0.008369020338379505
1e+19,32768,exponential,0.0,0.4441511114106055,0.4851314539567574,0.07071743463263715
3e+19,32768,exponential,0.06992508421737531,0.3729568564364074,0.4073683423902732,0.21967480117331942
1e+20,32768,exponential,0.054137873313006235,0.32742763068952613,0.35763828674781306,0.3149340825626608
3e+20,32768,exponential,0.02851202309361467,0.36524597730482133,0.39894600614414616,0.23580801655103248
1e+21,32768,exponential,0.014387462420869745,0.4017480682770279,0.4388160233767217,0.1594359083462504
3e+21,32768,exponential,0.0074883271012864405,0.42729838855825214,0.46672378654256025,0.1059778248991876
1e+22,32768,exponential,0.0035745462765066627,0.4470178561862421,0.4882627037170261,0.0647194400967317
3e+22,32768,exponential,0.0017929180792712884,0.4588227712392024,0.5011568189322062,0.04002040982859136
1e+23,32768,exponential,0.0,0.4660609250544402,0.5090628130727965,0.02487626187276316
3e+23,32768,exponential,0.0,0.46606092505444024,0.5090628130727967,0.02487626187276315
1e+24,32768,exponential,0.0,0.46606092505444024,0.5090628130727967,0.02487626187276315
1e+19,32768,power,0.004788113152235596,0.4779505480499618,0.5220494519500384,0.0
3e+19,32768,power,0.10885710308030516,0.3912679241640767,0.4273689113002821,0.18136316453564122
1e+20,32768,power,0.07691583350480835,0.29290826323380237,0.31993393232150785,0.38715780444468983
3e+20,32768,power,0.03665076953185897,0.3509019958029655,0.3832785532823858,0.26581945091464865
1e+21,32768,power,0.018661232283816442,0.3901505107975129,0.42614839792709674,0.18370109127539033
3e+21,32768,power,0.009779346349978457,0.4185583322960635,0.45717731442258025,0.12426435328135632
1e+22,32768,power,0.004694472347724243,0.4411307051927214,0.4818323649251699,0.0770369298821086
3e+22,32768,power,0.0023629542907182,0.45495932178084314,0.49693690187048895,0.048103776348667845
1e+23,32768,power,0.0,0.4634921161036522,0.5062569886828158,0.030250895213532
3e+23,32768,power,0.0,0.4634921161036521,0.5062569886828158,0.030250895213532022
1e+24,32768,power,0.0,0.4634921161036521,0.5062569886828158,0.030250895213532022
1e+19,32768,logarithmic,0.00478811315220673,0.4779505480499618,0.5220494519500382,0.0
3e+19,32768,logarithmic,0.0,0.2848152550439533,0.31109420924267533,0.40409053571337133
1e+20,32768,logarithmic,0.0,0.40354420990108913,0.4407778890012963,0.15567790109761453
3e+20,32768,logarithmic,0.0,0.42862805316088903,0.468176134865867,0.10319581197324398
1e+21,32768,logarithmic,0.0,0.44789931791219006,0.48922549497822143,0.06287518710958856
3e+21,32768,logarithmic,0.0,0.4593951065365313,0.5017819616996352,0.03882293176383343
1e+22,32768,logarithmic,0.0,0.4672487308081972,0.5103602137041001,0.022391055487702583
3e+22,32768,logarithmic,0.0,0.47155595992260424,0.5150648564914633,0.013379183585932415
1e+23,32768,logarithmic,0.0,0.47412555316142757,0.517871537533122,0.008002909305450358
3e+23,32768,logarithmic,0.0,0.47412555316142757,0.5178715375331221,0.008002909305450362
1e+24,32768,logarithmic,0.0,0.47412555316142757,0.5178715375331221,0.008002909305450362
3e+19,49152,exponential,0.06845379561301179,0.29934458503061023,0.4904461681141518,0.2102092468552379
1e+20,49152,exponential,0.054643087156277304,0.26353608225317604,0.4317775171636035,0.3046864005832205
3e+20,49152,exponential,0.026911005001467814,0.2960742722962666,0.4850880877302031,0.21883763997353023
1e+21,49152,exponential,0.013480225464002515,0.32364194668633606,0.530254965450893,0.14610308786277085
3e+21,49152,exponential,0.006979340302473602,0.3425679513998579,0.5612633315735271,0.09616871702661502
1e+22,49152,exponential,0.0033178910263109707,0.35693917170548234,0.5848091389222624,0.05825168937225521
3e+22,49152,exponential,0.001660049269319508,0.36543527694668654,0.5987291577494512,0.03583556530386219
1e+23,49152,exponential,0.0007696863588000369,0.37120445966470506,0.6081813867146528,0.020614153620642162
3e+23,49152,exponential,0.0,0.37150199877512446,0.608668874793164,0.019829126431711537
1e+24,49152,exponential,0.0,0.37150199877512446,0.608668874793164,0.019829126431711537
3e+19,49152,power,0.10791114829446125,0.314522392245203,0.5153134874545405,0.1701641203002564
1e+20,49152,power,0.07895129431039205,0.23729594185974315,0.3887856711430032,0.37391838699725366
3e+20,49152,power,0.03465927165299432,0.285088974290689,0.4670897754778649,0.24782125023144624
1e+21,49152,power,0.01751355719777603,0.3149468676606424,0.5160089479751966,0.16904418436416108
3e+21,49152,power,0.009126565705260159,0.3361310186614862,0.5507170609749791,0.11315192036353482
1e+22,49152,power,0.004361373514969458,0.3526715210683363,0.5778170201183622,0.0695114588133015
3e+22,49152,power,0.0021891737327344174,0.3626639285837035,0.5941885805915399,0.043147490824756655
1e+23,49152,power,0.0010172977973068598,0.36954999109891284,0.6054707054164589,0.024979303484628356
3e+23,49152,power,0.0,0.369867988954512,0.6059917131030725,0.02414029794241542
1e+24,49152,power,0.0,0.369867988954512,0.6059917131030725,0.02414029794241542
3e+19,49152,logarithmic,0.0,0.22586016687638177,0.3700492974102639,0.40409053571335435
1e+20,49152,logarithmic,0.0,0.3249829523433459,0.532452069119338,0.14256497853731606
3e+20,49152,logarithmic,0.0,0.3435437073361715,0.5628620100995835,0.09359428256424512
1e+21,49152,logarithmic,0.0,0.35757642716959176,0.5858532182746591,0.05657035455574916
3e+21,49152,logarithmic,0.0,0.36584505067971385,0.5994005310336432,0.03475441828664287
1e+22,49152,logarithmic,0.0,0.3714473534929264,0.6085793439628107,0.01997330254426288
3e+22,49152,logarithmic,0.0,0.37450321048056856,0.6135860600513634,0.011910729468068097
1e+23,49152,logarithmic,0.0,0.376475044560797,0.6168167130084098,0.006708242430793209
3e+23,49152,logarithmic,0.0,0.3766082153865172,0.6170349000892698,0.006356884524213011
1e+24,49152,logarithmic,0.0,0.3766082153865172,0.6170349000892698,0.006356884524213011
3e+19,65536,exponential,0.06684996613321958,0.2504118221446352,0.5470329725356938,0.20255520531967094
1e+20,65536,exponential,0.055946344846214746,0.22094744866278937,0.48266706651881874,0.2963854848183919
3e+20,65536,exponential,0.0256480883279413,0.24946602459634198,0.5449668462648624,0.20556712913879566
1e+21,65536,exponential,0.012774213536750345,0.27135080619088864,0.5927748811508692,0.1358743126582422
3e+21,65536,exponential,0.006587245747299519,0.28614590095011816,0.6250952588222315,0.08875884022765028
1e+22,65536,exponential,0.003121797392900305,0.2972396159926344,0.6493298491231095,0.053430534884256004
3e+22,65536,exponential,0.001559048466327262,0.3037359121372897,0.6635212245943138,0.032742863268396497
1e+23,65536,exponential,0.0007219437679175655,0.30811921417304466,0.6730966940014885,0.018784091825466823
3e+23,65536,exponential,0.0,0.30884130270590504,0.6746741204711398,0.016484576822955035
1e+24,65536,exponential,0.0,0.30884130270590504,0.6746741204711398,0.016484576822955035
3e+19,65536,power,0.10667324137916046,0.2634291270170138,0.5754697089395673,0.161101164043419
1e+20,65536,power,0.08153218636446757,0.1999890254811616,0.43688269246444683,0.36312828205439157
3e+20,65536,power,0.03308335961948172,0.2406465971864987,0.5257005131071459,0.23365288970635537
1e+21,65536,power,0.01661778573006334,0.26448864334766586,0.5777842576810877,0.1577270989712464
3e+21,65536,power,0.008622455188980194,0.2811365961479291,0.6141522655050227,0.10471113834704829
1e+22,65536,power,0.004106415266346808,0.29395868880896264,0.6421625543261393,0.06387875686489802
3e+22,65536,power,0.002056909871824608,0.30162217249543416,0.6589036898886924,0.039474137615873525
1e+23,65536,power,0.0009544569943087389,0.30686455566394016,0.6703558506663994,0.02277959366966051
3e+23,65536,power,0.0,0.30771118048651475,0.6722053308121411,0.02008348870134417
1e+24,65536,power,0.0,0.30771118048651475,0.6722053308121411,0.02008348870134417
3e+19,65536,logarithmic,0.0,0.18712615065106872,0.40878331363561465,0.4040905357133166
1e+20,65536,logarithmic,0.0,0.272405616957001,0.5950791504298005,0.13251523261319853
3e+20,65536,logarithmic,0.0,0.28690312536378537,0.6267494407947013,0.08634743384151325
1e+21,65536,logarithmic,0.0,0.29772852676233513,0.6503978909965465,0.05187358224111835
3e+21,65536,logarithmic,0.0,0.3040480080627892,0.664203008546765,0.03174898339044588
1e+22,65536,logarithmic,0.0,0.30830324900271044,0.6734987242213878,0.01819802677590178
3e+22,65536,logarithmic,0.0,0.3106150059440442,0.678548834318296,0.01083615973765986
1e+23,65536,logarithmic,0.0,0.31210312683722546,0.6817996840134803,0.006097189149294259
3e+23,65536,logarithmic,0.0,0.31236210801606223,0.6823654370313553,0.005272454952582393
1e+24,65536,logarithmic,0.0,0.31236210801606223,0.6823654370313553,0.005272454952582393
3e+19,131072,exponential,0.0029832148751349763,0.15244417392050413,0.6660387588036106,0.18151706727588526
1e+20,131072,exponential,0.06328216684605525,0.135315050722161,0.5912004776085028,0.2734844716693362
3e+20,131072,exponential,0.022324755531008655,0.154359565247938,0.6744072312059243,0.17123320354613764
1e+21,131072,exponential,0.010956119187320645,0.1657233642891666,0.7240564268036549,0.1102202089071785
3e+21,131072,exponential,0.005593219266181393,0.17309921819820107,0.7562820242558204,0.07061875754597861
1e+22,131072,exponential,0.00263075775515631,0.1784550817043438,0.7796821489717249,0.04186276932393121
3e+22,131072,exponential,0.001308014224559173,0.18151841311658115,0.7930660481338841,0.0254155387495347
1e+23,131072,exponential,0.0006038909131151904,0.1835539178035787,0.8019593038116888,0.014486778384732642
3e+23,131072,exponential,0.0,0.1844187468658189,0.8057377996398872,0.009843453494293797
1e+24,131072,exponential,0.0,0.1844187468658189,0.8057377996398872,0.009843453494293797
3e+19,131072,power,0.043498648205763324,0.1608853343826871,0.7029187516069189,0.13619591401039408
1e+20,131072,power,0.09257263256057069,0.12421979664695106,0.5427245728703056,0.33305563048274334
3e+20,131072,power,0.028914460131907127,0.14963783445963907,0.6537776746097936,0.19658449093056732
1e+21,131072,power,0.014300078465988797,0.1622163953118034,0.7087342455436231,0.12904935914457355
3e+21,131072,power,0.007339563288471851,0.17063100305737677,0.7454982277578829,0.0838707691847404
1e+22,131072,power,0.003466249657801068,0.17688723825198266,0.7728321364054623,0.050280625342554966
3e+22,131072,power,0.0017275749732643675,0.18052772916951376,0.7887376839235504,0.030734586906935896
1e+23,131072,power,0.0007988981402884399,0.18297390725775037,0.7994251990695952,0.01760089367265447
3e+23,131072,power,0.0,0.18401518929321228,0.8039746297013306,0.012010181005457124
1e+24,131072,power,0.0,0.18401518929321226,0.8039746297013306,0.012010181005457152
3e+19,131072,logarithmic,0.0,0.13999999999999985,0.6116693333333326,0.24833066666666748
1e+20,131072,logarithmic,0.0,0.16367329628103586,0.7150995430049312,0.121227160714033
3e+20,131072,logarithmic,0.0,0.1734696712192151,0.7579005582014987,0.06862977057928618
1e+21,131072,logarithmic,0.0,0.17868753562341239,0.7806977556410636,0.04061470873552409
3e+21,131072,logarithmic,0.0,0.1816641896546312,0.7937029555470604,0.024632854798308405
1e+22,131072,logarithmic,0.0,0.1836388163069895,0.8023302310329908,0.01403095266001965
3e+22,131072,logarithmic,0.0,0.18470136825271483,0.8069725913206612,0.008326040426623934
1e+23,131072,logarithmic,0.0,0.18538150674406173,0.809944161731922,0.004674331524016354
3e+23,131072,logarithmic,0.0,0.1856684054133006,0.8111976411444044,0.0031339534422949043
1e+24,131072,logarithmic,0.0,0.18566840541330057,0.8111976411444045,0.003133953442294908
