quality_domain,metric_a,metric_b,mean_domain_spearman,conflict_strength,min_domain_spearman,max_domain_spearman,n_domains
arxiv,dsir_wiki,rps_doc_frac_no_alph_words,-0.6303406750984335,0.6303406750984335,-0.6303406750984335,-0.6303406750984335,1
arxiv,dsir_books,rps_doc_frac_no_alph_words,-0.6279940389793816,0.6279940389793816,-0.6279940389793816,-0.6279940389793816,1
arxiv,dsir_math,rps_doc_frac_no_alph_words,-0.5958758079914591,0.5958758079914591,-0.5958758079914591,-0.5958758079914591,1
arxiv,modernbert_professionalism,rps_doc_frac_no_alph_words,-0.5201581089132397,0.5201581089132397,-0.5201581089132397,-0.5201581089132397,1
arxiv,rps_doc_unigram_entropy,rps_doc_frac_chars_top_3gram,-0.4581025603256904,0.4581025603256904,-0.4581025603256904,-0.4581025603256904,1
arxiv,modernbert_readability,modernbert_professionalism,-0.43189968404704976,0.43189968404704976,-0.43189968404704976,-0.43189968404704976,1
arxiv,modernbert_readability,dsir_wiki,-0.3857855149405321,0.3857855149405321,-0.3857855149405321,-0.3857855149405321,1
arxiv,rps_doc_frac_no_alph_words,rps_lines_numerical_chars_fraction,-0.38171918032441987,0.38171918032441987,-0.38171918032441987,-0.38171918032441987,1
arxiv,modernbert_readability,dsir_books,-0.3811586524073961,0.3811586524073961,-0.3811586524073961,-0.3811586524073961,1
arxiv,ad_en,rps_doc_frac_no_alph_words,-0.3793208281972554,0.3793208281972554,-0.3793208281972554,-0.3793208281972554,1
arxiv,rps_doc_frac_chars_top_2gram,rps_doc_frac_chars_top_3gram,-0.3640574640368544,0.3640574640368544,-0.3640574640368544,-0.3640574640368544,1
arxiv,fineweb_edu,modernbert_professionalism,-0.3521910709543618,0.3521910709543618,-0.3521910709543618,-0.3521910709543618,1
arxiv,modernbert_readability,dsir_math,-0.3505131719324775,0.3505131719324775,-0.3505131719324775,-0.3505131719324775,1
arxiv,modernbert_readability,ad_en,-0.331829536294735,0.331829536294735,-0.331829536294735,-0.331829536294735,1
arxiv,rps_doc_word_count,rps_doc_frac_chars_top_3gram,-0.288189572744961,0.288189572744961,-0.288189572744961,-0.288189572744961,1
arxiv,modernbert_professionalism,rps_lines_uppercase_letter_fraction,-0.27945093916922426,0.27945093916922426,-0.27945093916922426,-0.27945093916922426,1
arxiv,rps_doc_num_sentences,rps_doc_frac_chars_top_3gram,-0.2750995328034359,0.2750995328034359,-0.2750995328034359,-0.2750995328034359,1
arxiv,rps_doc_unigram_entropy,rps_doc_mean_word_length,-0.2675664744216898,0.2675664744216898,-0.2675664744216898,-0.2675664744216898,1
arxiv,modernbert_professionalism,rps_lines_ending_with_terminal_punctution_mark,-0.2569264886800458,0.2569264886800458,-0.2569264886800458,-0.2569264886800458,1
arxiv,dsir_wiki,rps_lines_uppercase_letter_fraction,-0.24603613088467785,0.24603613088467785,-0.24603613088467785,-0.24603613088467785,1
arxiv,dsir_books,rps_lines_uppercase_letter_fraction,-0.24518067668069357,0.24518067668069357,-0.24518067668069357,-0.24518067668069357,1
arxiv,fineweb_edu,dsir_wiki,-0.23911040410362233,0.23911040410362233,-0.23911040410362233,-0.23911040410362233,1
arxiv,fineweb_edu,dsir_books,-0.2355038097389961,0.2355038097389961,-0.2355038097389961,-0.2355038097389961,1
arxiv,ad_en,rps_lines_uppercase_letter_fraction,-0.22681707078384902,0.22681707078384902,-0.22681707078384902,-0.22681707078384902,1
arxiv,dsir_math,rps_lines_uppercase_letter_fraction,-0.2218911603780359,0.2218911603780359,-0.2218911603780359,-0.2218911603780359,1
arxiv,dsir_wiki,rps_lines_ending_with_terminal_punctution_mark,-0.22182548207310582,0.22182548207310582,-0.22182548207310582,-0.22182548207310582,1
arxiv,dsir_books,rps_lines_ending_with_terminal_punctution_mark,-0.2215239997790269,0.2215239997790269,-0.2215239997790269,-0.2215239997790269,1
arxiv,rps_doc_unigram_entropy,rps_doc_frac_no_alph_words,-0.21870585830977757,0.21870585830977757,-0.21870585830977757,-0.21870585830977757,1
arxiv,fineweb_edu,dsir_math,-0.21822785390319263,0.21822785390319263,-0.21822785390319263,-0.21822785390319263,1
arxiv,modernbert_cleanliness,rps_doc_num_sentences,-0.21740364386090089,0.21740364386090089,-0.21740364386090089,-0.21740364386090089,1
arxiv,ad_en,rps_lines_ending_with_terminal_punctution_mark,-0.21135116788008873,0.21135116788008873,-0.21135116788008873,-0.21135116788008873,1
arxiv,rps_doc_frac_chars_top_2gram,rps_doc_mean_word_length,-0.20647721736995198,0.20647721736995198,-0.20647721736995198,-0.20647721736995198,1
arxiv,dsir_math,rps_lines_ending_with_terminal_punctution_mark,-0.19954699356100125,0.19954699356100125,-0.19954699356100125,-0.19954699356100125,1
arxiv,rps_doc_frac_no_alph_words,rps_doc_frac_chars_top_2gram,-0.19036720203401833,0.19036720203401833,-0.19036720203401833,-0.19036720203401833,1
arxiv,rps_doc_num_sentences,rps_doc_frac_no_alph_words,-0.1863782860187272,0.1863782860187272,-0.1863782860187272,-0.1863782860187272,1
arxiv,fineweb_edu,rps_doc_frac_chars_top_2gram,-0.17339651343983192,0.17339651343983192,-0.17339651343983192,-0.17339651343983192,1
arxiv,modernbert_professionalism,rps_doc_mean_word_length,-0.16979255631770462,0.16979255631770462,-0.16979255631770462,-0.16979255631770462,1
arxiv,dsir_books,rps_doc_frac_chars_top_3gram,-0.16822858660038809,0.16822858660038809,-0.16822858660038809,-0.16822858660038809,1
arxiv,dsir_wiki,rps_doc_frac_chars_top_3gram,-0.16679196534123256,0.16679196534123256,-0.16679196534123256,-0.16679196534123256,1
arxiv,dsir_math,rps_doc_frac_chars_top_3gram,-0.1651170659837691,0.1651170659837691,-0.1651170659837691,-0.1651170659837691,1
arxiv,dsir_math,rps_doc_mean_word_length,-0.16428725355213317,0.16428725355213317,-0.16428725355213317,-0.16428725355213317,1
arxiv,dsir_books,rps_doc_mean_word_length,-0.16256702961147815,0.16256702961147815,-0.16256702961147815,-0.16256702961147815,1
arxiv,dsir_wiki,rps_doc_mean_word_length,-0.16199376549497804,0.16199376549497804,-0.16199376549497804,-0.16199376549497804,1
arxiv,rps_lines_ending_with_terminal_punctution_mark,rps_lines_numerical_chars_fraction,-0.15883466040665156,0.15883466040665156,-0.15883466040665156,-0.15883466040665156,1
arxiv,rps_doc_word_count,rps_doc_frac_no_alph_words,-0.15328971625221854,0.15328971625221854,-0.15328971625221854,-0.15328971625221854,1
arxiv,modernbert_cleanliness,rps_doc_unigram_entropy,-0.14948976455225074,0.14948976455225074,-0.14948976455225074,-0.14948976455225074,1
arxiv,fineweb_edu,ad_en,-0.1481265157379851,0.1481265157379851,-0.1481265157379851,-0.1481265157379851,1
arxiv,modernbert_cleanliness,rps_doc_word_count,-0.14273183624723973,0.14273183624723973,-0.14273183624723973,-0.14273183624723973,1
arxiv,modernbert_cleanliness,rps_lines_ending_with_terminal_punctution_mark,-0.12121600981312257,0.12121600981312257,-0.12121600981312257,-0.12121600981312257,1
arxiv,fineweb_edu,rps_doc_unigram_entropy,-0.1197124749713605,0.1197124749713605,-0.1197124749713605,-0.1197124749713605,1
arxiv,modernbert_cleanliness,rps_doc_frac_unique_words,-0.11951083276494855,0.11951083276494855,-0.11951083276494855,-0.11951083276494855,1
arxiv,rps_doc_frac_unique_words,rps_doc_frac_no_alph_words,-0.11569437517540185,0.11569437517540185,-0.11569437517540185,-0.11569437517540185,1
arxiv,modernbert_cleanliness,rps_lines_numerical_chars_fraction,-0.11430447353764321,0.11430447353764321,-0.11430447353764321,-0.11430447353764321,1
arxiv,fluency_en,rps_doc_frac_chars_top_2gram,-0.11309695900773567,0.11309695900773567,-0.11309695900773567,-0.11309695900773567,1
arxiv,modernbert_readability,rps_doc_frac_unique_words,-0.10470273965396301,0.10470273965396301,-0.10470273965396301,-0.10470273965396301,1
arxiv,rps_doc_frac_unique_words,rps_lines_numerical_chars_fraction,-0.10194291612344678,0.10194291612344678,-0.10194291612344678,-0.10194291612344678,1
arxiv,modernbert_reasoning,rps_lines_uppercase_letter_fraction,-0.09983433175524875,0.09983433175524875,-0.09983433175524875,-0.09983433175524875,1
arxiv,modernbert_cleanliness,rps_doc_frac_no_alph_words,-0.09909872041061245,0.09909872041061245,-0.09909872041061245,-0.09909872041061245,1
arxiv,ad_en,rps_doc_unigram_entropy,-0.09580555481568676,0.09580555481568676,-0.09580555481568676,-0.09580555481568676,1
arxiv,modernbert_readability,rps_doc_frac_chars_top_2gram,-0.08636912748344432,0.08636912748344432,-0.08636912748344432,-0.08636912748344432,1
arxiv,modernbert_professionalism,rps_lines_numerical_chars_fraction,-0.08485005544668502,0.08485005544668502,-0.08485005544668502,-0.08485005544668502,1
arxiv,rps_doc_unigram_entropy,rps_lines_ending_with_terminal_punctution_mark,-0.076259787430854,0.076259787430854,-0.076259787430854,-0.076259787430854,1
arxiv,rps_lines_uppercase_letter_fraction,rps_lines_numerical_chars_fraction,-0.0750445031271945,0.0750445031271945,-0.0750445031271945,-0.0750445031271945,1
arxiv,rps_doc_unigram_entropy,rps_lines_uppercase_letter_fraction,-0.07411285692181555,0.07411285692181555,-0.07411285692181555,-0.07411285692181555,1
arxiv,rps_doc_frac_unique_words,rps_doc_frac_chars_top_3gram,-0.07381683726900568,0.07381683726900568,-0.07381683726900568,-0.07381683726900568,1
arxiv,ad_en,rps_doc_num_sentences,-0.07166787507506774,0.07166787507506774,-0.07166787507506774,-0.07166787507506774,1
arxiv,modernbert_reasoning,rps_lines_ending_with_terminal_punctution_mark,-0.06647544888476174,0.06647544888476174,-0.06647544888476174,-0.06647544888476174,1
arxiv,modernbert_reasoning,rps_doc_frac_no_alph_words,-0.06454197966748422,0.06454197966748422,-0.06454197966748422,-0.06454197966748422,1
arxiv,fluency_en,rps_lines_numerical_chars_fraction,-0.06239196749521164,0.06239196749521164,-0.06239196749521164,-0.06239196749521164,1
arxiv,fluency_en,rps_lines_uppercase_letter_fraction,-0.06228298192294954,0.06228298192294954,-0.06228298192294954,-0.06228298192294954,1
arxiv,modernbert_cleanliness,rps_lines_uppercase_letter_fraction,-0.06223227603801767,0.06223227603801767,-0.06223227603801767,-0.06223227603801767,1
arxiv,modernbert_cleanliness,dsir_math,-0.0592053587377244,0.0592053587377244,-0.0592053587377244,-0.0592053587377244,1
arxiv,modernbert_readability,rps_doc_word_count,-0.054910876592487494,0.054910876592487494,-0.054910876592487494,-0.054910876592487494,1
arxiv,rps_lines_numerical_chars_fraction,rps_doc_mean_word_length,-0.0533963621572957,0.0533963621572957,-0.0533963621572957,-0.0533963621572957,1
arxiv,fluency_en,rps_doc_unigram_entropy,-0.05325462169785905,0.05325462169785905,-0.05325462169785905,-0.05325462169785905,1
arxiv,qurater,rps_lines_numerical_chars_fraction,-0.04960473717245035,0.04960473717245035,-0.04960473717245035,-0.04960473717245035,1
arxiv,modernbert_cleanliness,rps_doc_frac_chars_top_2gram,-0.04901370905028888,0.04901370905028888,-0.04901370905028888,-0.04901370905028888,1
arxiv,fluency_en,dsir_wiki,-0.0483632026972172,0.0483632026972172,-0.0483632026972172,-0.0483632026972172,1
arxiv,fluency_en,dsir_math,-0.04822533269416647,0.04822533269416647,-0.04822533269416647,-0.04822533269416647,1
arxiv,fluency_en,dsir_books,-0.04686021625645906,0.04686021625645906,-0.04686021625645906,-0.04686021625645906,1
arxiv,fluency_en,rps_lines_ending_with_terminal_punctution_mark,-0.04471369093844776,0.04471369093844776,-0.04471369093844776,-0.04471369093844776,1
arxiv,fineweb_edu,rps_doc_word_count,-0.041725504971914094,0.041725504971914094,-0.041725504971914094,-0.041725504971914094,1
arxiv,qurater,ad_en,-0.03995224952512873,0.03995224952512873,-0.03995224952512873,-0.03995224952512873,1
arxiv,rps_doc_word_count,rps_lines_uppercase_letter_fraction,-0.03866749197688294,0.03866749197688294,-0.03866749197688294,-0.03866749197688294,1
arxiv,rps_doc_frac_chars_top_3gram,rps_lines_ending_with_terminal_punctution_mark,-0.03395819781030848,0.03395819781030848,-0.03395819781030848,-0.03395819781030848,1
arxiv,qurater,rps_doc_frac_chars_top_2gram,-0.03340757553432599,0.03340757553432599,-0.03340757553432599,-0.03340757553432599,1
arxiv,modernbert_cleanliness,dsir_books,-0.03299780777700474,0.03299780777700474,-0.03299780777700474,-0.03299780777700474,1
arxiv,modernbert_readability,rps_doc_mean_word_length,-0.03226495221637905,0.03226495221637905,-0.03226495221637905,-0.03226495221637905,1
arxiv,ad_en,rps_doc_frac_chars_top_2gram,-0.03172688904415999,0.03172688904415999,-0.03172688904415999,-0.03172688904415999,1
arxiv,modernbert_cleanliness,dsir_wiki,-0.031178167252429497,0.031178167252429497,-0.031178167252429497,-0.031178167252429497,1
arxiv,modernbert_readability,rps_doc_unigram_entropy,-0.02953807638736346,0.02953807638736346,-0.02953807638736346,-0.02953807638736346,1
arxiv,rps_doc_num_sentences,rps_doc_mean_word_length,-0.02888302340030433,0.02888302340030433,-0.02888302340030433,-0.02888302340030433,1
arxiv,ad_en,rps_doc_word_count,-0.027987776383856394,0.027987776383856394,-0.027987776383856394,-0.027987776383856394,1
arxiv,modernbert_reasoning,ad_en,-0.027452864456329367,0.027452864456329367,-0.027452864456329367,-0.027452864456329367,1
arxiv,rps_doc_frac_no_alph_words,rps_doc_frac_chars_top_3gram,-0.026583079985147393,0.026583079985147393,-0.026583079985147393,-0.026583079985147393,1
arxiv,modernbert_readability,rps_doc_frac_chars_top_3gram,-0.02315763411904645,0.02315763411904645,-0.02315763411904645,-0.02315763411904645,1
arxiv,rps_doc_frac_chars_top_3gram,rps_lines_uppercase_letter_fraction,-0.021547488606922315,0.021547488606922315,-0.021547488606922315,-0.021547488606922315,1
arxiv,qurater,rps_doc_frac_chars_top_3gram,-0.019646811240072892,0.019646811240072892,-0.019646811240072892,-0.019646811240072892,1
arxiv,fineweb_edu,modernbert_cleanliness,-0.01719860302762816,0.01719860302762816,-0.01719860302762816,-0.01719860302762816,1
arxiv,rps_doc_num_sentences,rps_lines_uppercase_letter_fraction,-0.014751883795148007,0.014751883795148007,-0.014751883795148007,-0.014751883795148007,1
arxiv,dsir_math,qurater,-0.012632469072670651,0.012632469072670651,-0.012632469072670651,-0.012632469072670651,1
arxiv,dsir_wiki,qurater,-0.011338577309752558,0.011338577309752558,-0.011338577309752558,-0.011338577309752558,1
arxiv,fineweb_edu,rps_doc_num_sentences,-0.010685258537476303,0.010685258537476303,-0.010685258537476303,-0.010685258537476303,1
arxiv,dsir_books,qurater,-0.010281430470593449,0.010281430470593449,-0.010281430470593449,-0.010281430470593449,1
arxiv,fineweb_edu,rps_doc_frac_unique_words,-0.003349073364041574,0.003349073364041574,-0.003349073364041574,-0.003349073364041574,1
arxiv,rps_doc_frac_chars_top_2gram,rps_lines_numerical_chars_fraction,-0.00044472465838966567,0.00044472465838966567,-0.00044472465838966567,-0.00044472465838966567,1
arxiv,modernbert_readability,rps_doc_num_sentences,0.00025695618487297,0.0,0.00025695618487297,0.00025695618487297,1
arxiv,rps_doc_word_count,rps_lines_ending_with_terminal_punctution_mark,0.0013615588610659459,0.0,0.0013615588610659459,0.0013615588610659459,1
arxiv,ad_en,rps_lines_numerical_chars_fraction,0.00242050559263793,0.0,0.00242050559263793,0.00242050559263793,1
arxiv,modernbert_readability,rps_lines_numerical_chars_fraction,0.0029065975575569055,0.0,0.0029065975575569055,0.0029065975575569055,1
arxiv,rps_doc_frac_unique_words,rps_lines_uppercase_letter_fraction,0.0045462021712288,0.0,0.0045462021712288,0.0045462021712288,1
arxiv,fluency_en,rps_doc_num_sentences,0.006041173707414298,0.0,0.006041173707414298,0.006041173707414298,1
arxiv,rps_doc_frac_chars_top_3gram,rps_lines_numerical_chars_fraction,0.013293978715944172,0.0,0.013293978715944172,0.013293978715944172,1
arxiv,rps_doc_num_sentences,rps_lines_ending_with_terminal_punctution_mark,0.015296320288681851,0.0,0.015296320288681851,0.015296320288681851,1
arxiv,rps_doc_word_count,rps_lines_numerical_chars_fraction,0.015777326783424545,0.0,0.015777326783424545,0.015777326783424545,1
arxiv,modernbert_reasoning,rps_lines_numerical_chars_fraction,0.01631296072974584,0.0,0.01631296072974584,0.01631296072974584,1
arxiv,rps_doc_frac_no_alph_words,rps_doc_mean_word_length,0.019683573869589795,0.0,0.019683573869589795,0.019683573869589795,1
arxiv,modernbert_professionalism,rps_doc_frac_chars_top_3gram,0.020385310668753345,0.0,0.020385310668753345,0.020385310668753345,1
arxiv,ad_en,rps_doc_frac_unique_words,0.023939816846575382,0.0,0.023939816846575382,0.023939816846575382,1
arxiv,modernbert_reasoning,rps_doc_frac_chars_top_3gram,0.024169430123308848,0.0,0.024169430123308848,0.024169430123308848,1
arxiv,fluency_en,rps_doc_frac_chars_top_3gram,0.025583353766872208,0.0,0.025583353766872208,0.025583353766872208,1
arxiv,modernbert_reasoning,rps_doc_frac_chars_top_2gram,0.026925272260862332,0.0,0.026925272260862332,0.026925272260862332,1
arxiv,rps_doc_frac_chars_top_2gram,rps_lines_uppercase_letter_fraction,0.032024980045959654,0.0,0.032024980045959654,0.032024980045959654,1
arxiv,qurater,rps_doc_unigram_entropy,0.03403475524864341,0.0,0.03403475524864341,0.03403475524864341,1
arxiv,rps_doc_word_count,rps_doc_mean_word_length,0.035915591796999546,0.0,0.035915591796999546,0.035915591796999546,1
arxiv,modernbert_professionalism,rps_doc_num_sentences,0.037472373816313534,0.0,0.037472373816313534,0.037472373816313534,1
arxiv,rps_doc_frac_chars_top_2gram,rps_lines_ending_with_terminal_punctution_mark,0.04004904019360268,0.0,0.04004904019360268,0.04004904019360268,1
arxiv,fluency_en,rps_doc_word_count,0.042529181663064484,0.0,0.042529181663064484,0.042529181663064484,1
arxiv,rps_doc_frac_unique_words,rps_doc_frac_chars_top_2gram,0.04287611749364056,0.0,0.04287611749364056,0.04287611749364056,1
arxiv,modernbert_reasoning,rps_doc_mean_word_length,0.04487497359736359,0.0,0.04487497359736359,0.04487497359736359,1
arxiv,fineweb_edu,rps_lines_numerical_chars_fraction,0.04983540748586375,0.0,0.04983540748586375,0.04983540748586375,1
arxiv,fineweb_edu,rps_doc_frac_chars_top_3gram,0.05192393641510857,0.0,0.05192393641510857,0.05192393641510857,1
arxiv,qurater,rps_doc_num_sentences,0.060519810816650484,0.0,0.060519810816650484,0.060519810816650484,1
arxiv,rps_doc_frac_unique_words,rps_lines_ending_with_terminal_punctution_mark,0.06314328197466673,0.0,0.06314328197466673,0.06314328197466673,1
arxiv,rps_lines_uppercase_letter_fraction,rps_doc_mean_word_length,0.06465288494140094,0.0,0.06465288494140094,0.06465288494140094,1
arxiv,modernbert_cleanliness,rps_doc_frac_chars_top_3gram,0.06508607438887463,0.0,0.06508607438887463,0.06508607438887463,1
arxiv,fluency_en,modernbert_professionalism,0.06599753406606884,0.0,0.06599753406606884,0.06599753406606884,1
arxiv,ad_en,rps_doc_frac_chars_top_3gram,0.06995516288548946,0.0,0.06995516288548946,0.06995516288548946,1
arxiv,fluency_en,rps_doc_frac_unique_words,0.07073089205276809,0.0,0.07073089205276809,0.07073089205276809,1
arxiv,modernbert_readability,modernbert_reasoning,0.0719506402920998,0.0,0.0719506402920998,0.0719506402920998,1
arxiv,fineweb_edu,rps_lines_uppercase_letter_fraction,0.07295684856189608,0.0,0.07295684856189608,0.07295684856189608,1
arxiv,modernbert_reasoning,rps_doc_unigram_entropy,0.07442149877568886,0.0,0.07442149877568886,0.07442149877568886,1
arxiv,fineweb_edu,rps_lines_ending_with_terminal_punctution_mark,0.07614846927223423,0.0,0.07614846927223423,0.07614846927223423,1
arxiv,modernbert_reasoning,rps_doc_num_sentences,0.07667299326580787,0.0,0.07667299326580787,0.07667299326580787,1
arxiv,qurater,rps_doc_mean_word_length,0.08386532222057573,0.0,0.08386532222057573,0.08386532222057573,1
arxiv,rps_lines_ending_with_terminal_punctution_mark,rps_doc_mean_word_length,0.08809339099306372,0.0,0.08809339099306372,0.08809339099306372,1
arxiv,rps_doc_frac_chars_top_3gram,rps_doc_mean_word_length,0.08839174753358767,0.0,0.08839174753358767,0.08839174753358767,1
arxiv,modernbert_cleanliness,rps_doc_mean_word_length,0.09098875010097841,0.0,0.09098875010097841,0.09098875010097841,1
arxiv,ad_en,rps_doc_mean_word_length,0.09362711635059483,0.0,0.09362711635059483,0.09362711635059483,1
arxiv,modernbert_reasoning,rps_doc_word_count,0.09423980168428286,0.0,0.09423980168428286,0.09423980168428286,1
arxiv,qurater,rps_lines_uppercase_letter_fraction,0.09594351313569095,0.0,0.09594351313569095,0.09594351313569095,1
arxiv,modernbert_reasoning,dsir_math,0.09777059854478032,0.0,0.09777059854478032,0.09777059854478032,1
arxiv,qurater,rps_doc_frac_unique_words,0.0991270499937232,0.0,0.0991270499937232,0.0991270499937232,1
arxiv,modernbert_reasoning,dsir_books,0.10055983225835734,0.0,0.10055983225835734,0.10055983225835734,1
arxiv,modernbert_reasoning,dsir_wiki,0.10060761432537399,0.0,0.10060761432537399,0.10060761432537399,1
arxiv,qurater,rps_doc_word_count,0.10114623390543029,0.0,0.10114623390543029,0.10114623390543029,1
arxiv,dsir_wiki,rps_lines_numerical_chars_fraction,0.10296564901806254,0.0,0.10296564901806254,0.10296564901806254,1
arxiv,dsir_math,rps_lines_numerical_chars_fraction,0.10742928420556393,0.0,0.10742928420556393,0.10742928420556393,1
arxiv,dsir_books,rps_lines_numerical_chars_fraction,0.1084218345364201,0.0,0.1084218345364201,0.1084218345364201,1
arxiv,modernbert_cleanliness,modernbert_readability,0.11370887336133599,0.0,0.11370887336133599,0.11370887336133599,1
arxiv,fluency_en,rps_doc_frac_no_alph_words,0.11458957324694886,0.0,0.11458957324694886,0.11458957324694886,1
arxiv,modernbert_reasoning,rps_doc_frac_unique_words,0.11675810413200623,0.0,0.11675810413200623,0.11675810413200623,1
arxiv,modernbert_professionalism,qurater,0.11697257983495585,0.0,0.11697257983495585,0.11697257983495585,1
arxiv,modernbert_professionalism,rps_doc_unigram_entropy,0.11776856108825341,0.0,0.11776856108825341,0.11776856108825341,1
arxiv,fluency_en,modernbert_reasoning,0.1193192710648038,0.0,0.1193192710648038,0.1193192710648038,1
arxiv,modernbert_professionalism,rps_doc_frac_chars_top_2gram,0.1204893684923118,0.0,0.1204893684923118,0.1204893684923118,1
arxiv,fineweb_edu,modernbert_reasoning,0.12463214129871115,0.0,0.12463214129871115,0.12463214129871115,1
arxiv,fineweb_edu,rps_doc_mean_word_length,0.14028704979761653,0.0,0.14028704979761653,0.14028704979761653,1
arxiv,qurater,rps_doc_frac_no_alph_words,0.14285507951889023,0.0,0.14285507951889023,0.14285507951889023,1
arxiv,modernbert_professionalism,rps_doc_word_count,0.1443359352102014,0.0,0.1443359352102014,0.1443359352102014,1
arxiv,modernbert_cleanliness,modernbert_reasoning,0.14774697245882806,0.0,0.14774697245882806,0.14774697245882806,1
arxiv,fluency_en,rps_doc_mean_word_length,0.1478696960505796,0.0,0.1478696960505796,0.1478696960505796,1
arxiv,modernbert_professionalism,rps_doc_frac_unique_words,0.15299958074462594,0.0,0.15299958074462594,0.15299958074462594,1
arxiv,modernbert_reasoning,qurater,0.15307838933968704,0.0,0.15307838933968704,0.15307838933968704,1
arxiv,qurater,rps_lines_ending_with_terminal_punctution_mark,0.1555703021521158,0.0,0.1555703021521158,0.1555703021521158,1
arxiv,dsir_math,ad_en,0.1730109373364512,0.0,0.1730109373364512,0.1730109373364512,1
arxiv,modernbert_reasoning,modernbert_professionalism,0.17390216709915557,0.0,0.17390216709915557,0.17390216709915557,1
arxiv,rps_doc_unigram_entropy,rps_lines_numerical_chars_fraction,0.18024296031326903,0.0,0.18024296031326903,0.18024296031326903,1
arxiv,rps_doc_word_count,rps_doc_frac_chars_top_2gram,0.1960786237316376,0.0,0.1960786237316376,0.1960786237316376,1
arxiv,rps_doc_num_sentences,rps_doc_frac_chars_top_2gram,0.19858400388809613,0.0,0.19858400388809613,0.19858400388809613,1
arxiv,dsir_books,ad_en,0.19879901321733867,0.0,0.19879901321733867,0.19879901321733867,1
arxiv,dsir_wiki,ad_en,0.2008926660002606,0.0,0.2008926660002606,0.2008926660002606,1
arxiv,fluency_en,ad_en,0.20175817813002872,0.0,0.20175817813002872,0.20175817813002872,1
arxiv,rps_doc_num_sentences,rps_lines_numerical_chars_fraction,0.20422778058044413,0.0,0.20422778058044413,0.20422778058044413,1
arxiv,fluency_en,modernbert_readability,0.20702581780652227,0.0,0.20702581780652227,0.20702581780652227,1
arxiv,modernbert_cleanliness,qurater,0.23048081551621946,0.0,0.23048081551621946,0.23048081551621946,1
arxiv,modernbert_cleanliness,ad_en,0.2427740281664734,0.0,0.2427740281664734,0.2427740281664734,1
arxiv,fluency_en,modernbert_cleanliness,0.24501279038619495,0.0,0.24501279038619495,0.24501279038619495,1
arxiv,dsir_math,rps_doc_frac_chars_top_2gram,0.2662528015741211,0.0,0.2662528015741211,0.2662528015741211,1
arxiv,rps_doc_frac_unique_words,rps_doc_mean_word_length,0.27109144729283563,0.0,0.27109144729283563,0.27109144729283563,1
arxiv,dsir_books,rps_doc_frac_chars_top_2gram,0.2757762264887729,0.0,0.2757762264887729,0.2757762264887729,1
arxiv,dsir_wiki,rps_doc_frac_chars_top_2gram,0.27832656723414023,0.0,0.27832656723414023,0.27832656723414023,1
arxiv,modernbert_readability,qurater,0.2903219253299728,0.0,0.2903219253299728,0.2903219253299728,1
arxiv,fineweb_edu,fluency_en,0.29310345551385397,0.0,0.29310345551385397,0.29310345551385397,1
arxiv,fineweb_edu,rps_doc_frac_no_alph_words,0.2940002541339505,0.0,0.2940002541339505,0.2940002541339505,1
arxiv,rps_doc_unigram_entropy,rps_doc_frac_unique_words,0.30271000824364824,0.0,0.30271000824364824,0.30271000824364824,1
arxiv,fineweb_edu,qurater,0.30633055883880933,0.0,0.30633055883880933,0.30633055883880933,1
arxiv,modernbert_readability,rps_lines_ending_with_terminal_punctution_mark,0.3209128620743767,0.0,0.3209128620743767,0.3209128620743767,1
arxiv,fineweb_edu,modernbert_readability,0.32488655584055115,0.0,0.32488655584055115,0.32488655584055115,1
arxiv,modernbert_readability,rps_lines_uppercase_letter_fraction,0.354673466531087,0.0,0.354673466531087,0.354673466531087,1
arxiv,rps_doc_frac_no_alph_words,rps_lines_uppercase_letter_fraction,0.3606180399261528,0.0,0.3606180399261528,0.3606180399261528,1
arxiv,rps_doc_frac_no_alph_words,rps_lines_ending_with_terminal_punctution_mark,0.3729389528655848,0.0,0.3729389528655848,0.3729389528655848,1
arxiv,modernbert_cleanliness,modernbert_professionalism,0.3744539707476244,0.0,0.3744539707476244,0.3744539707476244,1
arxiv,modernbert_professionalism,ad_en,0.395874264898122,0.0,0.395874264898122,0.395874264898122,1
arxiv,rps_doc_unigram_entropy,rps_doc_frac_chars_top_2gram,0.417194687366757,0.0,0.417194687366757,0.417194687366757,1
arxiv,fluency_en,qurater,0.4308536608128013,0.0,0.4308536608128013,0.4308536608128013,1
arxiv,modernbert_professionalism,dsir_math,0.4553582931331259,0.0,0.4553582931331259,0.4553582931331259,1
arxiv,modernbert_professionalism,dsir_books,0.49901572065208555,0.0,0.49901572065208555,0.49901572065208555,1
arxiv,modernbert_professionalism,dsir_wiki,0.5033748365459927,0.0,0.5033748365459927,0.5033748365459927,1
arxiv,modernbert_readability,rps_doc_frac_no_alph_words,0.5545770128042022,0.0,0.5545770128042022,0.5545770128042022,1
arxiv,dsir_wiki,rps_doc_unigram_entropy,0.610414538516564,0.0,0.610414538516564,0.610414538516564,1
arxiv,dsir_math,rps_doc_unigram_entropy,0.6122395027944048,0.0,0.6122395027944048,0.6122395027944048,1
arxiv,dsir_books,rps_doc_unigram_entropy,0.6137648852035398,0.0,0.6137648852035398,0.6137648852035398,1
arxiv,dsir_wiki,rps_doc_frac_unique_words,0.6639505753852127,0.0,0.6639505753852127,0.6639505753852127,1
arxiv,dsir_books,rps_doc_frac_unique_words,0.6653143859381543,0.0,0.6653143859381543,0.6653143859381543,1
arxiv,dsir_math,rps_doc_frac_unique_words,0.6904457981477791,0.0,0.6904457981477791,0.6904457981477791,1
arxiv,dsir_wiki,rps_doc_num_sentences,0.7040494909296453,0.0,0.7040494909296453,0.7040494909296453,1
arxiv,rps_doc_num_sentences,rps_doc_frac_unique_words,0.7098593674797027,0.0,0.7098593674797027,0.7098593674797027,1
arxiv,dsir_books,rps_doc_num_sentences,0.7099177691263456,0.0,0.7099177691263456,0.7099177691263456,1
arxiv,rps_doc_word_count,rps_doc_unigram_entropy,0.7105333599656699,0.0,0.7105333599656699,0.7105333599656699,1
arxiv,rps_doc_num_sentences,rps_doc_unigram_entropy,0.717256646223572,0.0,0.717256646223572,0.717256646223572,1
arxiv,dsir_math,rps_doc_num_sentences,0.7360246457922641,0.0,0.7360246457922641,0.7360246457922641,1
arxiv,dsir_wiki,rps_doc_word_count,0.7785503167253743,0.0,0.7785503167253743,0.7785503167253743,1
arxiv,dsir_books,rps_doc_word_count,0.782382003340904,0.0,0.782382003340904,0.782382003340904,1
arxiv,dsir_math,rps_doc_word_count,0.801733199805099,0.0,0.801733199805099,0.801733199805099,1
arxiv,rps_lines_uppercase_letter_fraction,rps_lines_ending_with_terminal_punctution_mark,0.8194519873774697,0.0,0.8194519873774697,0.8194519873774697,1
arxiv,rps_doc_word_count,rps_doc_frac_unique_words,0.840892921847244,0.0,0.840892921847244,0.840892921847244,1
arxiv,rps_doc_word_count,rps_doc_num_sentences,0.9072849415914541,0.0,0.9072849415914541,0.9072849415914541,1
arxiv,dsir_wiki,dsir_math,0.9931010297865568,0.0,0.9931010297865568,0.9931010297865568,1
arxiv,dsir_books,dsir_math,0.9937694998391449,0.0,0.9937694998391449,0.9937694998391449,1
arxiv,dsir_books,dsir_wiki,0.9998175773355471,0.0,0.9998175773355471,0.9998175773355471,1
github,rps_doc_frac_chars_top_2gram,rps_doc_frac_chars_top_3gram,-0.5647760660379636,0.5647760660379636,-0.5647760660379636,-0.5647760660379636,1
github,dsir_wiki,rps_lines_uppercase_letter_fraction,-0.39080399044086767,0.39080399044086767,-0.39080399044086767,-0.39080399044086767,1
github,dsir_books,rps_lines_uppercase_letter_fraction,-0.3894770573167315,0.3894770573167315,-0.3894770573167315,-0.3894770573167315,1
github,dsir_math,rps_lines_uppercase_letter_fraction,-0.38789050253285207,0.38789050253285207,-0.38789050253285207,-0.38789050253285207,1
github,dsir_wiki,rps_lines_ending_with_terminal_punctution_mark,-0.33725668148471566,0.33725668148471566,-0.33725668148471566,-0.33725668148471566,1
github,dsir_books,rps_lines_ending_with_terminal_punctution_mark,-0.33688766430330397,0.33688766430330397,-0.33688766430330397,-0.33688766430330397,1
github,dsir_math,rps_lines_ending_with_terminal_punctution_mark,-0.3321125496242556,0.3321125496242556,-0.3321125496242556,-0.3321125496242556,1
github,dsir_wiki,rps_doc_frac_no_alph_words,-0.3218680203960928,0.3218680203960928,-0.3218680203960928,-0.3218680203960928,1
github,dsir_books,rps_doc_frac_no_alph_words,-0.3215831674354144,0.3215831674354144,-0.3215831674354144,-0.3215831674354144,1
github,rps_doc_word_count,rps_lines_uppercase_letter_fraction,-0.3158737138651155,0.3158737138651155,-0.3158737138651155,-0.3158737138651155,1
github,dsir_math,rps_doc_frac_no_alph_words,-0.3143118583449756,0.3143118583449756,-0.3143118583449756,-0.3143118583449756,1
github,rps_doc_num_sentences,rps_lines_uppercase_letter_fraction,-0.3050360961776018,0.3050360961776018,-0.3050360961776018,-0.3050360961776018,1
github,rps_doc_frac_unique_words,rps_doc_frac_chars_top_2gram,-0.3019958842994384,0.3019958842994384,-0.3019958842994384,-0.3019958842994384,1
github,dsir_math,ad_en,-0.2992656802042449,0.2992656802042449,-0.2992656802042449,-0.2992656802042449,1
github,ad_en,rps_doc_unigram_entropy,-0.2962990977708668,0.2962990977708668,-0.2962990977708668,-0.2962990977708668,1
github,dsir_wiki,ad_en,-0.2940966987414348,0.2940966987414348,-0.2940966987414348,-0.2940966987414348,1
github,dsir_books,ad_en,-0.2934991997797034,0.2934991997797034,-0.2934991997797034,-0.2934991997797034,1
github,rps_doc_frac_unique_words,rps_lines_uppercase_letter_fraction,-0.29223985960987264,0.29223985960987264,-0.29223985960987264,-0.29223985960987264,1
github,rps_doc_unigram_entropy,rps_lines_uppercase_letter_fraction,-0.28299048491300355,0.28299048491300355,-0.28299048491300355,-0.28299048491300355,1
github,ad_en,rps_doc_word_count,-0.2757593290122899,0.2757593290122899,-0.2757593290122899,-0.2757593290122899,1
github,rps_doc_frac_no_alph_words,rps_lines_numerical_chars_fraction,-0.2632452346291146,0.2632452346291146,-0.2632452346291146,-0.2632452346291146,1
github,rps_doc_word_count,rps_doc_frac_no_alph_words,-0.260618798609122,0.260618798609122,-0.260618798609122,-0.260618798609122,1
github,rps_doc_frac_unique_words,rps_lines_ending_with_terminal_punctution_mark,-0.2571199556109827,0.2571199556109827,-0.2571199556109827,-0.2571199556109827,1
github,rps_doc_frac_unique_words,rps_doc_frac_no_alph_words,-0.252048205662971,0.252048205662971,-0.252048205662971,-0.252048205662971,1
github,modernbert_professionalism,rps_lines_ending_with_terminal_punctution_mark,-0.24330323414833463,0.24330323414833463,-0.24330323414833463,-0.24330323414833463,1
github,rps_doc_word_count,rps_lines_ending_with_terminal_punctution_mark,-0.24215947253041215,0.24215947253041215,-0.24215947253041215,-0.24215947253041215,1
github,rps_doc_num_sentences,rps_lines_ending_with_terminal_punctution_mark,-0.24188425470306632,0.24188425470306632,-0.24188425470306632,-0.24188425470306632,1
github,modernbert_cleanliness,dsir_books,-0.239432526171801,0.239432526171801,-0.239432526171801,-0.239432526171801,1
github,modernbert_cleanliness,dsir_math,-0.23916853287237927,0.23916853287237927,-0.23916853287237927,-0.23916853287237927,1
github,modernbert_cleanliness,dsir_wiki,-0.23866417078887756,0.23866417078887756,-0.23866417078887756,-0.23866417078887756,1
github,rps_doc_unigram_entropy,rps_doc_frac_no_alph_words,-0.23675026329551233,0.23675026329551233,-0.23675026329551233,-0.23675026329551233,1
github,fineweb_edu,rps_doc_frac_no_alph_words,-0.22411177032356924,0.22411177032356924,-0.22411177032356924,-0.22411177032356924,1
github,ad_en,rps_doc_num_sentences,-0.2231427275098657,0.2231427275098657,-0.2231427275098657,-0.2231427275098657,1
github,modernbert_professionalism,rps_lines_uppercase_letter_fraction,-0.2022105923066445,0.2022105923066445,-0.2022105923066445,-0.2022105923066445,1
github,modernbert_reasoning,rps_doc_frac_no_alph_words,-0.19913480309124493,0.19913480309124493,-0.19913480309124493,-0.19913480309124493,1
github,modernbert_professionalism,rps_doc_mean_word_length,-0.19630147823723176,0.19630147823723176,-0.19630147823723176,-0.19630147823723176,1
github,rps_doc_unigram_entropy,rps_lines_ending_with_terminal_punctution_mark,-0.19292596635345108,0.19292596635345108,-0.19292596635345108,-0.19292596635345108,1
github,rps_doc_num_sentences,rps_doc_frac_no_alph_words,-0.19032098350111715,0.19032098350111715,-0.19032098350111715,-0.19032098350111715,1
github,fineweb_edu,rps_lines_uppercase_letter_fraction,-0.18851625715719733,0.18851625715719733,-0.18851625715719733,-0.18851625715719733,1
github,rps_doc_frac_no_alph_words,rps_doc_frac_chars_top_3gram,-0.1667006572930776,0.1667006572930776,-0.1667006572930776,-0.1667006572930776,1
github,modernbert_cleanliness,rps_lines_numerical_chars_fraction,-0.16523901784191442,0.16523901784191442,-0.16523901784191442,-0.16523901784191442,1
github,ad_en,rps_doc_frac_unique_words,-0.16362185189508716,0.16362185189508716,-0.16362185189508716,-0.16362185189508716,1
github,modernbert_professionalism,rps_doc_frac_no_alph_words,-0.1574560200919345,0.1574560200919345,-0.1574560200919345,-0.1574560200919345,1
github,rps_doc_frac_no_alph_words,rps_doc_mean_word_length,-0.15362932414560337,0.15362932414560337,-0.15362932414560337,-0.15362932414560337,1
github,modernbert_readability,rps_doc_frac_chars_top_2gram,-0.15349834683194122,0.15349834683194122,-0.15349834683194122,-0.15349834683194122,1
github,rps_doc_frac_chars_top_3gram,rps_lines_uppercase_letter_fraction,-0.15223808278611256,0.15223808278611256,-0.15223808278611256,-0.15223808278611256,1
github,fineweb_edu,rps_doc_frac_chars_top_2gram,-0.14399868538680455,0.14399868538680455,-0.14399868538680455,-0.14399868538680455,1
github,rps_doc_frac_chars_top_3gram,rps_lines_ending_with_terminal_punctution_mark,-0.14035934385852294,0.14035934385852294,-0.14035934385852294,-0.14035934385852294,1
github,fluency_en,rps_lines_numerical_chars_fraction,-0.13193780466756483,0.13193780466756483,-0.13193780466756483,-0.13193780466756483,1
github,modernbert_cleanliness,rps_doc_num_sentences,-0.12970753273074842,0.12970753273074842,-0.12970753273074842,-0.12970753273074842,1
github,modernbert_professionalism,ad_en,-0.12696417390184117,0.12696417390184117,-0.12696417390184117,-0.12696417390184117,1
github,fluency_en,rps_doc_frac_chars_top_2gram,-0.12510466278104382,0.12510466278104382,-0.12510466278104382,-0.12510466278104382,1
github,modernbert_reasoning,rps_lines_uppercase_letter_fraction,-0.12438979117529934,0.12438979117529934,-0.12438979117529934,-0.12438979117529934,1
github,rps_doc_num_sentences,rps_doc_mean_word_length,-0.11937266943988653,0.11937266943988653,-0.11937266943988653,-0.11937266943988653,1
github,rps_lines_uppercase_letter_fraction,rps_lines_numerical_chars_fraction,-0.11373567368227663,0.11373567368227663,-0.11373567368227663,-0.11373567368227663,1
github,qurater,rps_lines_numerical_chars_fraction,-0.11293656938026017,0.11293656938026017,-0.11293656938026017,-0.11293656938026017,1
github,dsir_books,rps_doc_frac_chars_top_2gram,-0.10200448875685053,0.10200448875685053,-0.10200448875685053,-0.10200448875685053,1
github,dsir_wiki,rps_doc_frac_chars_top_2gram,-0.10173853285257199,0.10173853285257199,-0.10173853285257199,-0.10173853285257199,1
github,dsir_math,rps_doc_frac_chars_top_2gram,-0.1016690228369027,0.1016690228369027,-0.1016690228369027,-0.1016690228369027,1
github,rps_doc_word_count,rps_doc_frac_chars_top_2gram,-0.09342835832379084,0.09342835832379084,-0.09342835832379084,-0.09342835832379084,1
github,ad_en,rps_lines_numerical_chars_fraction,-0.07698128494634945,0.07698128494634945,-0.07698128494634945,-0.07698128494634945,1
github,ad_en,rps_doc_frac_chars_top_3gram,-0.07684943728159026,0.07684943728159026,-0.07684943728159026,-0.07684943728159026,1
github,fineweb_edu,rps_lines_ending_with_terminal_punctution_mark,-0.07593159106216477,0.07593159106216477,-0.07593159106216477,-0.07593159106216477,1
github,modernbert_cleanliness,rps_doc_word_count,-0.07558493870267702,0.07558493870267702,-0.07558493870267702,-0.07558493870267702,1
github,modernbert_reasoning,rps_lines_ending_with_terminal_punctution_mark,-0.07539908403599521,0.07539908403599521,-0.07539908403599521,-0.07539908403599521,1
github,rps_lines_ending_with_terminal_punctution_mark,rps_lines_numerical_chars_fraction,-0.07297052314892011,0.07297052314892011,-0.07297052314892011,-0.07297052314892011,1
github,modernbert_cleanliness,rps_doc_frac_unique_words,-0.07198520727969361,0.07198520727969361,-0.07198520727969361,-0.07198520727969361,1
github,fluency_en,rps_lines_ending_with_terminal_punctution_mark,-0.07187559667960333,0.07187559667960333,-0.07187559667960333,-0.07187559667960333,1
github,fluency_en,rps_doc_frac_no_alph_words,-0.06381799063171777,0.06381799063171777,-0.06381799063171777,-0.06381799063171777,1
github,modernbert_professionalism,rps_doc_frac_chars_top_2gram,-0.060534486130043814,0.060534486130043814,-0.060534486130043814,-0.060534486130043814,1
github,fineweb_edu,ad_en,-0.0590635734955067,0.0590635734955067,-0.0590635734955067,-0.0590635734955067,1
github,rps_doc_frac_chars_top_2gram,rps_doc_mean_word_length,-0.05719612218193365,0.05719612218193365,-0.05719612218193365,-0.05719612218193365,1
github,modernbert_reasoning,ad_en,-0.054715575301421654,0.054715575301421654,-0.054715575301421654,-0.054715575301421654,1
github,dsir_books,rps_doc_mean_word_length,-0.05314083243522206,0.05314083243522206,-0.05314083243522206,-0.05314083243522206,1
github,dsir_math,rps_doc_mean_word_length,-0.051868432442970465,0.051868432442970465,-0.051868432442970465,-0.051868432442970465,1
github,dsir_wiki,rps_doc_mean_word_length,-0.0511636472892485,0.0511636472892485,-0.0511636472892485,-0.0511636472892485,1
github,modernbert_cleanliness,rps_doc_unigram_entropy,-0.03220682005420662,0.03220682005420662,-0.03220682005420662,-0.03220682005420662,1
github,modernbert_readability,rps_lines_numerical_chars_fraction,-0.03209297788813812,0.03209297788813812,-0.03209297788813812,-0.03209297788813812,1
github,fluency_en,rps_lines_uppercase_letter_fraction,-0.03183170709265698,0.03183170709265698,-0.03183170709265698,-0.03183170709265698,1
github,ad_en,rps_doc_frac_no_alph_words,-0.024592611132971256,0.024592611132971256,-0.024592611132971256,-0.024592611132971256,1
github,modernbert_cleanliness,rps_doc_frac_chars_top_3gram,-0.021384153778210378,0.021384153778210378,-0.021384153778210378,-0.021384153778210378,1
github,modernbert_cleanliness,rps_doc_frac_chars_top_2gram,-0.017122305972267854,0.017122305972267854,-0.017122305972267854,-0.017122305972267854,1
github,qurater,rps_doc_frac_chars_top_2gram,-0.010361578518380547,0.010361578518380547,-0.010361578518380547,-0.010361578518380547,1
github,ad_en,rps_lines_ending_with_terminal_punctution_mark,-0.0069793330101683435,0.0069793330101683435,-0.0069793330101683435,-0.0069793330101683435,1
github,modernbert_cleanliness,modernbert_professionalism,-0.0038925241575928065,0.0038925241575928065,-0.0038925241575928065,-0.0038925241575928065,1
github,modernbert_readability,ad_en,-0.003527963749832494,0.003527963749832494,-0.003527963749832494,-0.003527963749832494,1
github,rps_doc_frac_chars_top_2gram,rps_lines_numerical_chars_fraction,-0.0013460135382336422,0.0013460135382336422,-0.0013460135382336422,-0.0013460135382336422,1
github,ad_en,rps_doc_frac_chars_top_2gram,0.00035759510876855226,0.0,0.00035759510876855226,0.00035759510876855226,1
github,modernbert_reasoning,rps_doc_frac_chars_top_2gram,0.002858786013837907,0.0,0.002858786013837907,0.002858786013837907,1
github,rps_doc_unigram_entropy,rps_doc_frac_chars_top_2gram,0.024476919466259493,0.0,0.024476919466259493,0.024476919466259493,1
github,rps_doc_num_sentences,rps_doc_frac_chars_top_2gram,0.03168398367532609,0.0,0.03168398367532609,0.03168398367532609,1
github,fluency_en,rps_doc_num_sentences,0.04146525879992527,0.0,0.04146525879992527,0.04146525879992527,1
github,rps_lines_uppercase_letter_fraction,rps_doc_mean_word_length,0.04422098676421913,0.0,0.04422098676421913,0.04422098676421913,1
github,rps_doc_frac_chars_top_3gram,rps_doc_mean_word_length,0.0607465535360362,0.0,0.0607465535360362,0.0607465535360362,1
github,ad_en,rps_doc_mean_word_length,0.0614798771858677,0.0,0.0614798771858677,0.0614798771858677,1
github,dsir_math,qurater,0.06949571206574097,0.0,0.06949571206574097,0.06949571206574097,1
github,dsir_books,qurater,0.0701468285670504,0.0,0.0701468285670504,0.0701468285670504,1
github,dsir_wiki,qurater,0.07049733155453548,0.0,0.07049733155453548,0.07049733155453548,1
github,qurater,rps_doc_frac_chars_top_3gram,0.07137371796702206,0.0,0.07137371796702206,0.07137371796702206,1
github,modernbert_readability,dsir_books,0.07234366621135235,0.0,0.07234366621135235,0.07234366621135235,1
github,modernbert_readability,dsir_math,0.07326972454346034,0.0,0.07326972454346034,0.07326972454346034,1
github,modernbert_readability,dsir_wiki,0.07375499598913972,0.0,0.07375499598913972,0.07375499598913972,1
github,qurater,ad_en,0.07379355037107668,0.0,0.07379355037107668,0.07379355037107668,1
github,ad_en,rps_lines_uppercase_letter_fraction,0.07984880758752247,0.0,0.07984880758752247,0.07984880758752247,1
github,rps_doc_frac_chars_top_3gram,rps_lines_numerical_chars_fraction,0.08330749903802344,0.0,0.08330749903802344,0.08330749903802344,1
github,modernbert_professionalism,rps_lines_numerical_chars_fraction,0.08381201166898873,0.0,0.08381201166898873,0.08381201166898873,1
github,rps_doc_frac_chars_top_2gram,rps_lines_uppercase_letter_fraction,0.08577424915973385,0.0,0.08577424915973385,0.08577424915973385,1
github,rps_doc_frac_chars_top_2gram,rps_lines_ending_with_terminal_punctution_mark,0.08717463519730459,0.0,0.08717463519730459,0.08717463519730459,1
github,fluency_en,rps_doc_mean_word_length,0.08892716064796376,0.0,0.08892716064796376,0.08892716064796376,1
github,fluency_en,dsir_math,0.09388770185053795,0.0,0.09388770185053795,0.09388770185053795,1
github,fluency_en,rps_doc_unigram_entropy,0.09535964931606722,0.0,0.09535964931606722,0.09535964931606722,1
github,fineweb_edu,modernbert_cleanliness,0.09649908521734571,0.0,0.09649908521734571,0.09649908521734571,1
github,fluency_en,dsir_books,0.10119888903251294,0.0,0.10119888903251294,0.10119888903251294,1
github,fluency_en,dsir_wiki,0.10154991837893888,0.0,0.10154991837893888,0.10154991837893888,1
github,modernbert_readability,rps_doc_num_sentences,0.11021498180656637,0.0,0.11021498180656637,0.11021498180656637,1
github,qurater,rps_doc_frac_no_alph_words,0.11271407800817504,0.0,0.11271407800817504,0.11271407800817504,1
github,rps_doc_frac_no_alph_words,rps_doc_frac_chars_top_2gram,0.12397067645241103,0.0,0.12397067645241103,0.12397067645241103,1
github,rps_lines_numerical_chars_fraction,rps_doc_mean_word_length,0.12495854393559705,0.0,0.12495854393559705,0.12495854393559705,1
github,modernbert_readability,rps_doc_frac_no_alph_words,0.12773577486082704,0.0,0.12773577486082704,0.12773577486082704,1
github,modernbert_readability,modernbert_professionalism,0.12780691213133835,0.0,0.12780691213133835,0.12780691213133835,1
github,rps_doc_unigram_entropy,rps_doc_mean_word_length,0.13087317947783708,0.0,0.13087317947783708,0.13087317947783708,1
github,rps_doc_word_count,rps_doc_mean_word_length,0.13523539119776404,0.0,0.13523539119776404,0.13523539119776404,1
github,fluency_en,rps_doc_frac_chars_top_3gram,0.13955670564331127,0.0,0.13955670564331127,0.13955670564331127,1
github,modernbert_cleanliness,ad_en,0.14206548070778918,0.0,0.14206548070778918,0.14206548070778918,1
github,modernbert_readability,rps_lines_uppercase_letter_fraction,0.14237438769618754,0.0,0.14237438769618754,0.14237438769618754,1
github,rps_doc_frac_unique_words,rps_doc_mean_word_length,0.14286881551650935,0.0,0.14286881551650935,0.14286881551650935,1
github,qurater,rps_doc_num_sentences,0.14332249811104836,0.0,0.14332249811104836,0.14332249811104836,1
github,fluency_en,rps_doc_word_count,0.14614931163700373,0.0,0.14614931163700373,0.14614931163700373,1
github,rps_doc_frac_unique_words,rps_lines_numerical_chars_fraction,0.15304662196893046,0.0,0.15304662196893046,0.15304662196893046,1
github,qurater,rps_lines_uppercase_letter_fraction,0.15423773106720307,0.0,0.15423773106720307,0.15423773106720307,1
github,modernbert_reasoning,rps_doc_frac_chars_top_3gram,0.15925443732242975,0.0,0.15925443732242975,0.15925443732242975,1
github,modernbert_reasoning,rps_lines_numerical_chars_fraction,0.17162802502090002,0.0,0.17162802502090002,0.17162802502090002,1
github,qurater,rps_doc_frac_unique_words,0.17280039280949266,0.0,0.17280039280949266,0.17280039280949266,1
github,modernbert_readability,rps_doc_frac_chars_top_3gram,0.1773000053250787,0.0,0.1773000053250787,0.1773000053250787,1
github,qurater,rps_lines_ending_with_terminal_punctution_mark,0.19049566558944103,0.0,0.19049566558944103,0.19049566558944103,1
github,rps_doc_num_sentences,rps_doc_frac_chars_top_3gram,0.19237353961607231,0.0,0.19237353961607231,0.19237353961607231,1
github,qurater,rps_doc_word_count,0.19575841520656354,0.0,0.19575841520656354,0.19575841520656354,1
github,rps_doc_unigram_entropy,rps_doc_frac_chars_top_3gram,0.19968287167374818,0.0,0.19968287167374818,0.19968287167374818,1
github,rps_lines_ending_with_terminal_punctution_mark,rps_doc_mean_word_length,0.20169265859876262,0.0,0.20169265859876262,0.20169265859876262,1
github,qurater,rps_doc_unigram_entropy,0.2029173059802885,0.0,0.2029173059802885,0.2029173059802885,1
github,fineweb_edu,rps_doc_mean_word_length,0.20647366164834607,0.0,0.20647366164834607,0.20647366164834607,1
github,modernbert_readability,rps_doc_frac_unique_words,0.21084112411012265,0.0,0.21084112411012265,0.21084112411012265,1
github,fluency_en,modernbert_readability,0.21105440033511708,0.0,0.21105440033511708,0.21105440033511708,1
github,fineweb_edu,rps_lines_numerical_chars_fraction,0.2132371098443988,0.0,0.2132371098443988,0.2132371098443988,1
github,modernbert_readability,rps_lines_ending_with_terminal_punctution_mark,0.2198820259054792,0.0,0.2198820259054792,0.2198820259054792,1
github,modernbert_reasoning,rps_doc_mean_word_length,0.22174544744841074,0.0,0.22174544744841074,0.22174544744841074,1
github,modernbert_readability,rps_doc_unigram_entropy,0.2223097748721447,0.0,0.2223097748721447,0.2223097748721447,1
github,modernbert_cleanliness,rps_doc_frac_no_alph_words,0.22338830355739145,0.0,0.22338830355739145,0.22338830355739145,1
github,fineweb_edu,fluency_en,0.22483726292320463,0.0,0.22483726292320463,0.22483726292320463,1
github,fluency_en,modernbert_professionalism,0.2261300805872255,0.0,0.2261300805872255,0.2261300805872255,1
github,fluency_en,rps_doc_frac_unique_words,0.2265785765246344,0.0,0.2265785765246344,0.2265785765246344,1
github,modernbert_readability,rps_doc_word_count,0.22762522205113317,0.0,0.22762522205113317,0.22762522205113317,1
github,qurater,rps_doc_mean_word_length,0.22948960584122605,0.0,0.22948960584122605,0.22948960584122605,1
github,modernbert_professionalism,rps_doc_frac_chars_top_3gram,0.2455637861830123,0.0,0.2455637861830123,0.2455637861830123,1
github,rps_doc_num_sentences,rps_lines_numerical_chars_fraction,0.24606340162152662,0.0,0.24606340162152662,0.24606340162152662,1
github,fineweb_edu,rps_doc_frac_chars_top_3gram,0.2466915274331123,0.0,0.2466915274331123,0.2466915274331123,1
github,fluency_en,modernbert_cleanliness,0.24741825220042904,0.0,0.24741825220042904,0.24741825220042904,1
github,modernbert_cleanliness,modernbert_reasoning,0.26367985638067315,0.0,0.26367985638067315,0.26367985638067315,1
github,fluency_en,modernbert_reasoning,0.2664573862097935,0.0,0.2664573862097935,0.2664573862097935,1
github,modernbert_professionalism,qurater,0.27012789081685057,0.0,0.27012789081685057,0.27012789081685057,1
github,modernbert_cleanliness,rps_lines_uppercase_letter_fraction,0.28229821030820323,0.0,0.28229821030820323,0.28229821030820323,1
github,rps_doc_word_count,rps_lines_numerical_chars_fraction,0.2914364322071995,0.0,0.2914364322071995,0.2914364322071995,1
github,modernbert_readability,modernbert_reasoning,0.2924856721371333,0.0,0.2924856721371333,0.2924856721371333,1
github,fineweb_edu,modernbert_readability,0.2992832099066276,0.0,0.2992832099066276,0.2992832099066276,1
github,fineweb_edu,qurater,0.3000174873869188,0.0,0.3000174873869188,0.3000174873869188,1
github,dsir_wiki,rps_lines_numerical_chars_fraction,0.3035931207695122,0.0,0.3035931207695122,0.3035931207695122,1
github,dsir_math,rps_lines_numerical_chars_fraction,0.30368073366154874,0.0,0.30368073366154874,0.30368073366154874,1
github,modernbert_cleanliness,rps_doc_mean_word_length,0.3040460663423929,0.0,0.3040460663423929,0.3040460663423929,1
github,dsir_books,rps_lines_numerical_chars_fraction,0.3045257933138762,0.0,0.3045257933138762,0.3045257933138762,1
github,fluency_en,qurater,0.3098679666506016,0.0,0.3098679666506016,0.3098679666506016,1
github,modernbert_cleanliness,rps_lines_ending_with_terminal_punctution_mark,0.3217226747326087,0.0,0.3217226747326087,0.3217226747326087,1
github,rps_doc_unigram_entropy,rps_lines_numerical_chars_fraction,0.32413203128974527,0.0,0.32413203128974527,0.32413203128974527,1
github,rps_doc_word_count,rps_doc_frac_chars_top_3gram,0.32893712735752334,0.0,0.32893712735752334,0.32893712735752334,1
github,dsir_wiki,rps_doc_frac_chars_top_3gram,0.33351771229918425,0.0,0.33351771229918425,0.33351771229918425,1
github,dsir_books,rps_doc_frac_chars_top_3gram,0.33375006277095365,0.0,0.33375006277095365,0.33375006277095365,1
github,dsir_math,rps_doc_frac_chars_top_3gram,0.3340369762882364,0.0,0.3340369762882364,0.3340369762882364,1
github,fineweb_edu,modernbert_professionalism,0.33644681712615815,0.0,0.33644681712615815,0.33644681712615815,1
github,modernbert_readability,rps_doc_mean_word_length,0.34981243025610775,0.0,0.34981243025610775,0.34981243025610775,1
github,rps_doc_frac_no_alph_words,rps_lines_ending_with_terminal_punctution_mark,0.3587959211762307,0.0,0.3587959211762307,0.3587959211762307,1
github,fluency_en,ad_en,0.37332369373508795,0.0,0.37332369373508795,0.37332369373508795,1
github,fineweb_edu,rps_doc_frac_unique_words,0.40867367547934036,0.0,0.40867367547934036,0.40867367547934036,1
github,fineweb_edu,rps_doc_num_sentences,0.409888042123561,0.0,0.409888042123561,0.409888042123561,1
github,rps_doc_frac_no_alph_words,rps_lines_uppercase_letter_fraction,0.41851657718638163,0.0,0.41851657718638163,0.41851657718638163,1
github,fineweb_edu,dsir_math,0.45565099714762025,0.0,0.45565099714762025,0.45565099714762025,1
github,fineweb_edu,dsir_books,0.45679224295695453,0.0,0.45679224295695453,0.45679224295695453,1
github,fineweb_edu,dsir_wiki,0.45719687708876194,0.0,0.45719687708876194,0.45719687708876194,1
github,fineweb_edu,modernbert_reasoning,0.4619490263264052,0.0,0.4619490263264052,0.4619490263264052,1
github,rps_doc_frac_unique_words,rps_doc_frac_chars_top_3gram,0.4902427651712749,0.0,0.4902427651712749,0.4902427651712749,1
github,fineweb_edu,rps_doc_unigram_entropy,0.5006986351555355,0.0,0.5006986351555355,0.5006986351555355,1
github,fineweb_edu,rps_doc_word_count,0.501164883273797,0.0,0.501164883273797,0.501164883273797,1
github,modernbert_reasoning,qurater,0.5111142610476013,0.0,0.5111142610476013,0.5111142610476013,1
github,modernbert_reasoning,rps_doc_frac_unique_words,0.518081459834462,0.0,0.518081459834462,0.518081459834462,1
github,modernbert_reasoning,rps_doc_num_sentences,0.5389403306163378,0.0,0.5389403306163378,0.5389403306163378,1
github,modernbert_reasoning,dsir_math,0.5485337757267132,0.0,0.5485337757267132,0.5485337757267132,1
github,modernbert_reasoning,dsir_books,0.5528543984124578,0.0,0.5528543984124578,0.5528543984124578,1
github,modernbert_reasoning,dsir_wiki,0.5529883065655119,0.0,0.5529883065655119,0.5529883065655119,1
github,modernbert_readability,qurater,0.5675502569796342,0.0,0.5675502569796342,0.5675502569796342,1
github,modernbert_reasoning,modernbert_professionalism,0.5720007607018475,0.0,0.5720007607018475,0.5720007607018475,1
github,modernbert_cleanliness,qurater,0.6057867533935162,0.0,0.6057867533935162,0.6057867533935162,1
github,modernbert_cleanliness,modernbert_readability,0.626252399597959,0.0,0.626252399597959,0.626252399597959,1
github,rps_doc_unigram_entropy,rps_doc_frac_unique_words,0.6359355835485861,0.0,0.6359355835485861,0.6359355835485861,1
github,rps_doc_num_sentences,rps_doc_frac_unique_words,0.6361093580153766,0.0,0.6361093580153766,0.6361093580153766,1
github,modernbert_reasoning,rps_doc_word_count,0.6418682502720195,0.0,0.6418682502720195,0.6418682502720195,1
github,modernbert_reasoning,rps_doc_unigram_entropy,0.6454284855166159,0.0,0.6454284855166159,0.6454284855166159,1
github,modernbert_professionalism,rps_doc_frac_unique_words,0.6739391433263128,0.0,0.6739391433263128,0.6739391433263128,1
github,modernbert_professionalism,rps_doc_num_sentences,0.6813926814213674,0.0,0.6813926814213674,0.6813926814213674,1
github,modernbert_professionalism,rps_doc_unigram_entropy,0.6904845067959969,0.0,0.6904845067959969,0.6904845067959969,1
github,rps_lines_uppercase_letter_fraction,rps_lines_ending_with_terminal_punctution_mark,0.74423219523585,0.0,0.74423219523585,0.74423219523585,1
github,modernbert_professionalism,rps_doc_word_count,0.7544010315420534,0.0,0.7544010315420534,0.7544010315420534,1
github,modernbert_professionalism,dsir_math,0.7639258088737184,0.0,0.7639258088737184,0.7639258088737184,1
github,modernbert_professionalism,dsir_wiki,0.7680555928203772,0.0,0.7680555928203772,0.7680555928203772,1
github,modernbert_professionalism,dsir_books,0.7692434546611272,0.0,0.7692434546611272,0.7692434546611272,1
github,rps_doc_num_sentences,rps_doc_unigram_entropy,0.7945582104193388,0.0,0.7945582104193388,0.7945582104193388,1
github,dsir_math,rps_doc_frac_unique_words,0.8131004335737488,0.0,0.8131004335737488,0.8131004335737488,1
github,dsir_books,rps_doc_frac_unique_words,0.8139208314473616,0.0,0.8139208314473616,0.8139208314473616,1
github,rps_doc_word_count,rps_doc_num_sentences,0.813939854816623,0.0,0.813939854816623,0.813939854816623,1
github,dsir_wiki,rps_doc_frac_unique_words,0.8141595374239865,0.0,0.8141595374239865,0.8141595374239865,1
github,rps_doc_word_count,rps_doc_frac_unique_words,0.8370243491801063,0.0,0.8370243491801063,0.8370243491801063,1
github,dsir_wiki,rps_doc_num_sentences,0.8370289609045548,0.0,0.8370289609045548,0.8370289609045548,1
github,dsir_books,rps_doc_num_sentences,0.8370920385353932,0.0,0.8370920385353932,0.8370920385353932,1
github,dsir_math,rps_doc_num_sentences,0.8389813720653897,0.0,0.8389813720653897,0.8389813720653897,1
github,dsir_books,rps_doc_unigram_entropy,0.8818895537805477,0.0,0.8818895537805477,0.8818895537805477,1
github,dsir_wiki,rps_doc_unigram_entropy,0.8825062250140282,0.0,0.8825062250140282,0.8825062250140282,1
github,dsir_math,rps_doc_unigram_entropy,0.8825732677961793,0.0,0.8825732677961793,0.8825732677961793,1
github,rps_doc_word_count,rps_doc_unigram_entropy,0.9413141060071661,0.0,0.9413141060071661,0.9413141060071661,1
github,dsir_books,rps_doc_word_count,0.9557501396437683,0.0,0.9557501396437683,0.9557501396437683,1
github,dsir_wiki,rps_doc_word_count,0.9562256463790707,0.0,0.9562256463790707,0.9562256463790707,1
github,dsir_math,rps_doc_word_count,0.9562722091706364,0.0,0.9562722091706364,0.9562722091706364,1
github,dsir_wiki,dsir_math,0.9995982641380307,0.0,0.9995982641380307,0.9995982641380307,1
github,dsir_books,dsir_math,0.9996157757879982,0.0,0.9996157757879982,0.9996157757879982,1
github,dsir_books,dsir_wiki,0.9999291539323658,0.0,0.9999291539323658,0.9999291539323658,1
