filter,type,horizon_months,scenario,eta,drift_retention,frontier_quantile,anchor_window_months,score
base_chat_domain_latest,non_pretrained,12,historical_growth,0.25,0.0,0.9,2,44.854842009526564
base_chat_domain_latest,non_pretrained,12,historical_growth,0.25,0.5,0.9,2,53.487860385348014
base_chat_domain_latest,non_pretrained,12,historical_growth,0.25,1.0,0.9,2,61.91684342420398
base_chat_domain_latest,non_pretrained,12,historical_growth,0.5,0.0,0.9,2,49.384972472927004
base_chat_domain_latest,non_pretrained,12,historical_growth,0.5,0.5,0.9,2,57.97327575476424
base_chat_domain_latest,non_pretrained,12,historical_growth,0.5,1.0,0.9,2,66.10451454162751
base_chat_domain_latest,non_pretrained,12,historical_growth,0.75,0.0,0.9,2,53.92522434386181
base_chat_domain_latest,non_pretrained,12,historical_growth,0.75,0.5,0.9,2,62.330766960884105
base_chat_domain_latest,non_pretrained,12,historical_growth,0.75,1.0,0.9,2,70.05441236058175
base_chat_domain_latest,non_pretrained,12,historical_growth,0.5,0.5,0.85,2,56.729889913133235
base_chat_domain_latest,non_pretrained,12,historical_growth,0.5,0.5,0.95,2,59.20140598346653
base_chat_domain_latest,non_pretrained,12,historical_growth,0.5,0.5,0.9,1,58.11936573354334
base_chat_domain_latest,non_pretrained,12,historical_growth,0.5,0.5,0.9,3,57.606091149232775
base_chat_domain_latest,non_pretrained,12,half_growth,0.25,0.0,0.9,2,42.616753628658394
base_chat_domain_latest,non_pretrained,12,half_growth,0.25,0.5,0.9,2,51.21910443194382
base_chat_domain_latest,non_pretrained,12,half_growth,0.25,1.0,0.9,2,59.749842066565414
base_chat_domain_latest,non_pretrained,12,half_growth,0.5,0.0,0.9,2,44.854842009526564
base_chat_domain_latest,non_pretrained,12,half_growth,0.5,0.5,0.9,2,53.487860385348014
base_chat_domain_latest,non_pretrained,12,half_growth,0.5,1.0,0.9,2,61.91684342420398
base_chat_domain_latest,non_pretrained,12,half_growth,0.75,0.0,0.9,2,47.113964738241656
base_chat_domain_latest,non_pretrained,12,half_growth,0.75,0.5,0.9,2,55.742275018925575
base_chat_domain_latest,non_pretrained,12,half_growth,0.75,1.0,0.9,2,64.03739773917863
base_chat_domain_latest,non_pretrained,12,half_growth,0.5,0.5,0.85,2,52.22113902263431
base_chat_domain_latest,non_pretrained,12,half_growth,0.5,0.5,0.95,2,54.74474560643143
base_chat_domain_latest,non_pretrained,12,half_growth,0.5,0.5,0.9,1,53.63707295420504
base_chat_domain_latest,non_pretrained,12,half_growth,0.5,0.5,0.9,3,53.11318155806329
base_chat_domain_latest,non_pretrained,12,quarter_growth,0.25,0.0,0.9,2,41.50836699883421
base_chat_domain_latest,non_pretrained,12,quarter_growth,0.25,0.5,0.9,2,50.082251898861244
base_chat_domain_latest,non_pretrained,12,quarter_growth,0.25,1.0,0.9,2,58.651302344761525
base_chat_domain_latest,non_pretrained,12,quarter_growth,0.5,0.0,0.9,2,42.616753628658394
base_chat_domain_latest,non_pretrained,12,quarter_growth,0.5,0.5,0.9,2,51.21910443194382
base_chat_domain_latest,non_pretrained,12,quarter_growth,0.5,1.0,0.9,2,59.749842066565414
base_chat_domain_latest,non_pretrained,12,quarter_growth,0.75,0.0,0.9,2,43.732608370438584
base_chat_domain_latest,non_pretrained,12,quarter_growth,0.75,0.5,0.9,2,52.35469712361791
base_chat_domain_latest,non_pretrained,12,quarter_growth,0.75,1.0,0.9,2,60.838683311053536
base_chat_domain_latest,non_pretrained,12,quarter_growth,0.5,0.5,0.85,2,49.94841357555503
base_chat_domain_latest,non_pretrained,12,quarter_growth,0.5,0.5,0.95,2,52.48283328502222
base_chat_domain_latest,non_pretrained,12,quarter_growth,0.5,0.5,0.9,1,51.36897788487669
base_chat_domain_latest,non_pretrained,12,quarter_growth,0.5,0.5,0.9,3,50.842945834918034
base_chat_domain_latest,non_pretrained,12,no_growth,0.25,0.0,0.9,2,40.408507838458824
base_chat_domain_latest,non_pretrained,12,no_growth,0.25,0.5,0.9,2,48.94531431508656
base_chat_domain_latest,non_pretrained,12,no_growth,0.25,1.0,0.9,2,57.544084600039376
base_chat_domain_latest,non_pretrained,12,no_growth,0.5,0.0,0.9,2,40.408507838458824
base_chat_domain_latest,non_pretrained,12,no_growth,0.5,0.5,0.9,2,48.94531431508656
base_chat_domain_latest,non_pretrained,12,no_growth,0.5,1.0,0.9,2,57.544084600039376
base_chat_domain_latest,non_pretrained,12,no_growth,0.75,0.0,0.9,2,40.408507838458824
base_chat_domain_latest,non_pretrained,12,no_growth,0.75,0.5,0.9,2,48.94531431508656
base_chat_domain_latest,non_pretrained,12,no_growth,0.75,1.0,0.9,2,57.544084600039376
base_chat_domain_latest,non_pretrained,12,no_growth,0.5,0.5,0.85,2,47.67590127541156
base_chat_domain_latest,non_pretrained,12,no_growth,0.5,0.5,0.95,2,50.21068752237599
base_chat_domain_latest,non_pretrained,12,no_growth,0.5,0.5,0.9,1,49.09523064124704
base_chat_domain_latest,non_pretrained,12,no_growth,0.5,0.5,0.9,3,48.569228177267135
base_chat_domain_latest,non_pretrained,24,historical_growth,0.25,0.0,0.9,2,49.384972472927004
base_chat_domain_latest,non_pretrained,24,historical_growth,0.25,0.5,0.9,2,66.10451454162751
base_chat_domain_latest,non_pretrained,24,historical_growth,0.25,1.0,0.9,2,79.5843022324441
base_chat_domain_latest,non_pretrained,24,historical_growth,0.5,0.0,0.9,2,58.40126465428128
base_chat_domain_latest,non_pretrained,24,historical_growth,0.5,0.5,0.9,2,73.72696210813075
base_chat_domain_latest,non_pretrained,24,historical_growth,0.5,1.0,0.9,2,84.86925182476384
base_chat_domain_latest,non_pretrained,24,historical_growth,0.75,0.0,0.9,2,66.88831170719631
base_chat_domain_latest,non_pretrained,24,historical_growth,0.75,0.5,0.9,2,80.14999329087135
base_chat_domain_latest,non_pretrained,24,historical_growth,0.75,1.0,0.9,2,88.97561790534617
base_chat_domain_latest,non_pretrained,24,historical_growth,0.5,0.5,0.85,2,72.73042187871584
base_chat_domain_latest,non_pretrained,24,historical_growth,0.5,0.5,0.95,2,74.69566941488367
base_chat_domain_latest,non_pretrained,24,historical_growth,0.5,0.5,0.9,1,73.842998344551
base_chat_domain_latest,non_pretrained,24,historical_growth,0.5,0.5,0.9,3,73.43434478466553
base_chat_domain_latest,non_pretrained,24,half_growth,0.25,0.0,0.9,2,44.854842009526564
base_chat_domain_latest,non_pretrained,24,half_growth,0.25,0.5,0.9,2,61.91684342420398
base_chat_domain_latest,non_pretrained,24,half_growth,0.25,1.0,0.9,2,76.46919744109533
base_chat_domain_latest,non_pretrained,24,half_growth,0.5,0.0,0.9,2,49.384972472927004
base_chat_domain_latest,non_pretrained,24,half_growth,0.5,0.5,0.9,2,66.10451454162751
base_chat_domain_latest,non_pretrained,24,half_growth,0.5,1.0,0.9,2,79.5843022324441
base_chat_domain_latest,non_pretrained,24,half_growth,0.75,0.0,0.9,2,53.92522434386181
base_chat_domain_latest,non_pretrained,24,half_growth,0.75,0.5,0.9,2,70.05441236058175
base_chat_domain_latest,non_pretrained,24,half_growth,0.75,1.0,0.9,2,82.38202847969079
base_chat_domain_latest,non_pretrained,24,half_growth,0.5,0.5,0.85,2,64.95627783649716
base_chat_domain_latest,non_pretrained,24,half_growth,0.5,0.5,0.95,2,67.22934639683879
base_chat_domain_latest,non_pretrained,24,half_growth,0.5,0.5,0.9,1,66.23879979796138
base_chat_domain_latest,non_pretrained,24,half_growth,0.5,0.5,0.9,3,65.76642122544233
base_chat_domain_latest,non_pretrained,24,quarter_growth,0.25,0.0,0.9,2,42.616753628658394
base_chat_domain_latest,non_pretrained,24,quarter_growth,0.25,0.5,0.9,2,59.749842066565414
base_chat_domain_latest,non_pretrained,24,quarter_growth,0.25,1.0,0.9,2,74.79314343088288
base_chat_domain_latest,non_pretrained,24,quarter_growth,0.5,0.0,0.9,2,44.854842009526564
base_chat_domain_latest,non_pretrained,24,quarter_growth,0.5,0.5,0.9,2,61.91684342420398
base_chat_domain_latest,non_pretrained,24,quarter_growth,0.5,1.0,0.9,2,76.46919744109533
base_chat_domain_latest,non_pretrained,24,quarter_growth,0.75,0.0,0.9,2,47.113964738241656
base_chat_domain_latest,non_pretrained,24,quarter_growth,0.75,0.5,0.9,2,64.03739773917863
base_chat_domain_latest,non_pretrained,24,quarter_growth,0.75,1.0,0.9,2,78.06648891719789
base_chat_domain_latest,non_pretrained,24,quarter_growth,0.5,0.5,0.85,2,60.71106032367459
base_chat_domain_latest,non_pretrained,24,quarter_growth,0.5,0.5,0.95,2,63.103077340126156
base_chat_domain_latest,non_pretrained,24,quarter_growth,0.5,0.5,0.9,1,62.058196775634784
base_chat_domain_latest,non_pretrained,24,quarter_growth,0.5,0.5,0.9,3,61.56126859002554
base_chat_domain_latest,non_pretrained,24,no_growth,0.25,0.0,0.9,2,40.408507838458824
base_chat_domain_latest,non_pretrained,24,no_growth,0.25,0.5,0.9,2,57.544084600039376
base_chat_domain_latest,non_pretrained,24,no_growth,0.25,1.0,0.9,2,73.0397970100006
base_chat_domain_latest,non_pretrained,24,no_growth,0.5,0.0,0.9,2,40.408507838458824
base_chat_domain_latest,non_pretrained,24,no_growth,0.5,0.5,0.9,2,57.544084600039376
base_chat_domain_latest,non_pretrained,24,no_growth,0.5,1.0,0.9,2,73.0397970100006
base_chat_domain_latest,non_pretrained,24,no_growth,0.75,0.0,0.9,2,40.408507838458824
base_chat_domain_latest,non_pretrained,24,no_growth,0.75,0.5,0.9,2,57.544084600039376
base_chat_domain_latest,non_pretrained,24,no_growth,0.75,1.0,0.9,2,73.0397970100006
base_chat_domain_latest,non_pretrained,24,no_growth,0.5,0.5,0.85,2,56.29757301658684
base_chat_domain_latest,non_pretrained,24,no_growth,0.5,0.5,0.95,2,58.77583837362179
base_chat_domain_latest,non_pretrained,24,no_growth,0.5,0.5,0.9,1,57.690577682178976
base_chat_domain_latest,non_pretrained,24,no_growth,0.5,0.5,0.9,3,57.175920117815615
base_chat_domain_latest,pretrained,12,historical_growth,0.25,0.0,0.9,2,23.93212672808262
base_chat_domain_latest,pretrained,12,historical_growth,0.25,0.5,0.9,2,30.037666562232165
base_chat_domain_latest,pretrained,12,historical_growth,0.25,1.0,0.9,2,36.944337632965265
base_chat_domain_latest,pretrained,12,historical_growth,0.5,0.0,0.9,2,26.24493907825878
base_chat_domain_latest,pretrained,12,historical_growth,0.5,0.5,0.9,2,32.686975322960336
base_chat_domain_latest,pretrained,12,historical_growth,0.5,1.0,0.9,2,39.8557855107194
base_chat_domain_latest,pretrained,12,historical_growth,0.75,0.0,0.9,2,28.696942106024306
base_chat_domain_latest,pretrained,12,historical_growth,0.75,0.5,0.9,2,35.45154698036361
base_chat_domain_latest,pretrained,12,historical_growth,0.75,1.0,0.9,2,42.84078921550847
base_chat_domain_latest,pretrained,12,historical_growth,0.5,0.5,0.85,2,27.03675641459131
base_chat_domain_latest,pretrained,12,historical_growth,0.5,0.5,0.95,2,35.564846659393375
base_chat_domain_latest,pretrained,12,historical_growth,0.5,0.5,0.9,1,25.932028662194515
base_chat_domain_latest,pretrained,12,historical_growth,0.5,0.5,0.9,3,31.355660344368385
base_chat_domain_latest,pretrained,12,half_growth,0.25,0.0,0.9,2,22.829421795941904
base_chat_domain_latest,pretrained,12,half_growth,0.25,0.5,0.9,2,28.760003466793524
base_chat_domain_latest,pretrained,12,half_growth,0.25,1.0,0.9,2,35.5220568955711
base_chat_domain_latest,pretrained,12,half_growth,0.5,0.0,0.9,2,23.93212672808262
base_chat_domain_latest,pretrained,12,half_growth,0.5,0.5,0.9,2,30.037666562232165
base_chat_domain_latest,pretrained,12,half_growth,0.5,1.0,0.9,2,36.944337632965265
base_chat_domain_latest,pretrained,12,half_growth,0.75,0.0,0.9,2,25.070790686228722
base_chat_domain_latest,pretrained,12,half_growth,0.75,0.5,0.9,2,31.3471141510928
base_chat_domain_latest,pretrained,12,half_growth,0.75,1.0,0.9,2,38.38965966515807
base_chat_domain_latest,pretrained,12,half_growth,0.5,0.5,0.85,2,24.67751276191909
base_chat_domain_latest,pretrained,12,half_growth,0.5,0.5,0.95,2,32.795928761454604
base_chat_domain_latest,pretrained,12,half_growth,0.5,0.5,0.9,1,23.637953698647422
base_chat_domain_latest,pretrained,12,half_growth,0.5,0.5,0.9,3,28.768139891930474
base_chat_domain_latest,pretrained,12,quarter_growth,0.25,0.0,0.9,2,22.291657941680864
base_chat_domain_latest,pretrained,12,quarter_growth,0.25,0.5,0.9,2,28.133469434958094
base_chat_domain_latest,pretrained,12,quarter_growth,0.25,1.0,0.9,2,34.82021370577034
base_chat_domain_latest,pretrained,12,quarter_growth,0.5,0.0,0.9,2,22.829421795941904
base_chat_domain_latest,pretrained,12,quarter_growth,0.5,0.5,0.9,2,28.760003466793524
base_chat_domain_latest,pretrained,12,quarter_growth,0.5,1.0,0.9,2,35.5220568955711
base_chat_domain_latest,pretrained,12,quarter_growth,0.75,0.0,0.9,2,23.376256115813387
base_chat_domain_latest,pretrained,12,quarter_growth,0.75,0.5,0.9,2,29.394783425636135
base_chat_domain_latest,pretrained,12,quarter_growth,0.75,1.0,0.9,2,36.230183249854974
base_chat_domain_latest,pretrained,12,quarter_growth,0.5,0.5,0.85,2,23.551096491662204
base_chat_domain_latest,pretrained,12,quarter_growth,0.5,0.5,0.95,2,31.453688399462273
base_chat_domain_latest,pretrained,12,quarter_growth,0.5,0.5,0.9,1,22.544785963609975
base_chat_domain_latest,pretrained,12,quarter_growth,0.5,0.5,0.9,3,27.523233023420957
base_chat_domain_latest,pretrained,12,no_growth,0.25,0.0,0.9,2,21.762989152317935
base_chat_domain_latest,pretrained,12,no_growth,0.25,0.5,0.9,2,27.515312686102043
base_chat_domain_latest,pretrained,12,no_growth,0.25,1.0,0.9,2,34.12489841098827
base_chat_domain_latest,pretrained,12,no_growth,0.5,0.0,0.9,2,21.762989152317935
base_chat_domain_latest,pretrained,12,no_growth,0.5,0.5,0.9,2,27.515312686102043
base_chat_domain_latest,pretrained,12,no_growth,0.5,1.0,0.9,2,34.12489841098827
base_chat_domain_latest,pretrained,12,no_growth,0.75,0.0,0.9,2,21.762989152317935
base_chat_domain_latest,pretrained,12,no_growth,0.75,0.5,0.9,2,27.515312686102043
base_chat_domain_latest,pretrained,12,no_growth,0.75,1.0,0.9,2,34.12489841098827
base_chat_domain_latest,pretrained,12,no_growth,0.5,0.5,0.85,2,22.460764091277603
base_chat_domain_latest,pretrained,12,no_growth,0.5,0.5,0.95,2,30.141743512214344
base_chat_domain_latest,pretrained,12,no_growth,0.5,0.5,0.9,1,21.487947239770577
base_chat_domain_latest,pretrained,12,no_growth,0.5,0.5,0.9,3,26.312298315606775
base_chat_domain_latest,pretrained,24,historical_growth,0.25,0.0,0.9,2,26.24493907825878
base_chat_domain_latest,pretrained,24,historical_growth,0.25,0.5,0.9,2,39.8557855107194
base_chat_domain_latest,pretrained,24,historical_growth,0.25,1.0,0.9,2,55.23873021373457
base_chat_domain_latest,pretrained,24,historical_growth,0.5,0.0,0.9,2,31.280870927150826
base_chat_domain_latest,pretrained,24,historical_growth,0.5,0.5,0.9,2,45.87881885584437
base_chat_domain_latest,pretrained,24,historical_growth,0.5,1.0,0.9,2,61.22017573966078
base_chat_domain_latest,pretrained,24,historical_growth,0.75,0.0,0.9,2,36.80095836880675
base_chat_domain_latest,pretrained,24,historical_growth,0.75,0.5,0.9,2,52.02473009412606
base_chat_domain_latest,pretrained,24,historical_growth,0.75,1.0,0.9,2,66.88154262177486
base_chat_domain_latest,pretrained,24,historical_growth,0.5,0.5,0.85,2,39.2789056331852
base_chat_domain_latest,pretrained,24,historical_growth,0.5,0.5,0.95,2,49.07144008141245
base_chat_domain_latest,pretrained,24,historical_growth,0.5,0.5,0.9,1,37.93402674767803
base_chat_domain_latest,pretrained,24,historical_growth,0.5,0.5,0.9,3,44.36432705846443
base_chat_domain_latest,pretrained,24,half_growth,0.25,0.0,0.9,2,23.93212672808262
base_chat_domain_latest,pretrained,24,half_growth,0.25,0.5,0.9,2,36.944337632965265
base_chat_domain_latest,pretrained,24,half_growth,0.25,1.0,0.9,2,52.1784522936013
base_chat_domain_latest,pretrained,24,half_growth,0.5,0.0,0.9,2,26.24493907825878
base_chat_domain_latest,pretrained,24,half_growth,0.5,0.5,0.9,2,39.8557855107194
base_chat_domain_latest,pretrained,24,half_growth,0.5,1.0,0.9,2,55.23873021373457
base_chat_domain_latest,pretrained,24,half_growth,0.75,0.0,0.9,2,28.696942106024306
base_chat_domain_latest,pretrained,24,half_growth,0.75,0.5,0.9,2,42.84078921550847
base_chat_domain_latest,pretrained,24,half_growth,0.75,1.0,0.9,2,58.25983070019488
base_chat_domain_latest,pretrained,24,half_growth,0.5,0.5,0.85,2,33.58464904452705
base_chat_domain_latest,pretrained,24,half_growth,0.5,0.5,0.95,2,42.96198638509072
base_chat_domain_latest,pretrained,24,half_growth,0.5,0.5,0.9,1,32.33092698435937
base_chat_domain_latest,pretrained,24,half_growth,0.5,0.5,0.9,3,38.39905196765372
base_chat_domain_latest,pretrained,24,quarter_growth,0.25,0.0,0.9,2,22.829421795941904
base_chat_domain_latest,pretrained,24,quarter_growth,0.25,0.5,0.9,2,35.5220568955711
base_chat_domain_latest,pretrained,24,quarter_growth,0.25,1.0,0.9,2,50.64069974231035
base_chat_domain_latest,pretrained,24,quarter_growth,0.5,0.0,0.9,2,23.93212672808262
base_chat_domain_latest,pretrained,24,quarter_growth,0.5,0.5,0.9,2,36.944337632965265
base_chat_domain_latest,pretrained,24,quarter_growth,0.5,1.0,0.9,2,52.1784522936013
base_chat_domain_latest,pretrained,24,quarter_growth,0.75,0.0,0.9,2,25.070790686228722
base_chat_domain_latest,pretrained,24,quarter_growth,0.75,0.5,0.9,2,38.38965966515807
base_chat_domain_latest,pretrained,24,quarter_growth,0.75,1.0,0.9,2,53.71208698459407
base_chat_domain_latest,pretrained,24,quarter_growth,0.5,0.5,0.85,2,30.895977847472015
base_chat_domain_latest,pretrained,24,quarter_growth,0.5,0.5,0.95,2,39.974443828724716
base_chat_domain_latest,pretrained,24,quarter_growth,0.5,0.5,0.9,1,29.69774442208867
base_chat_domain_latest,pretrained,24,quarter_growth,0.5,0.5,0.9,3,35.53115222486611
base_chat_domain_latest,pretrained,24,no_growth,0.25,0.0,0.9,2,21.762989152317935
base_chat_domain_latest,pretrained,24,no_growth,0.25,0.5,0.9,2,34.12489841098827
base_chat_domain_latest,pretrained,24,no_growth,0.25,1.0,0.9,2,49.101733994200224
base_chat_domain_latest,pretrained,24,no_growth,0.5,0.0,0.9,2,21.762989152317935
base_chat_domain_latest,pretrained,24,no_growth,0.5,0.5,0.9,2,34.12489841098827
base_chat_domain_latest,pretrained,24,no_growth,0.5,1.0,0.9,2,49.101733994200224
base_chat_domain_latest,pretrained,24,no_growth,0.75,0.0,0.9,2,21.762989152317935
base_chat_domain_latest,pretrained,24,no_growth,0.75,0.5,0.9,2,34.12489841098827
base_chat_domain_latest,pretrained,24,no_growth,0.75,1.0,0.9,2,49.101733994200224
base_chat_domain_latest,pretrained,24,no_growth,0.5,0.5,0.85,2,28.3307352158305
base_chat_domain_latest,pretrained,24,no_growth,0.5,0.5,0.95,2,37.059669023714946
base_chat_domain_latest,pretrained,24,no_growth,0.5,0.5,0.9,1,27.192840291336164
base_chat_domain_latest,pretrained,24,no_growth,0.5,0.5,0.9,3,32.763523748267176
expanded_latest,non_pretrained,12,historical_growth,0.25,0.0,0.9,2,45.19956656197217
expanded_latest,non_pretrained,12,historical_growth,0.25,0.5,0.9,2,54.153146043421664
expanded_latest,non_pretrained,12,historical_growth,0.25,1.0,0.9,2,62.84632067734228
expanded_latest,non_pretrained,12,historical_growth,0.5,0.0,0.9,2,49.80357081297087
expanded_latest,non_pretrained,12,historical_growth,0.5,0.5,0.9,2,58.69237924554645
expanded_latest,non_pretrained,12,historical_growth,0.5,1.0,0.9,2,67.04857797732511
expanded_latest,non_pretrained,12,historical_growth,0.75,0.0,0.9,2,54.410908471918134
expanded_latest,non_pretrained,12,historical_growth,0.75,0.5,0.9,2,63.08852187076721
expanded_latest,non_pretrained,12,historical_growth,0.75,1.0,0.9,2,70.99490031388892
expanded_latest,non_pretrained,12,historical_growth,0.5,0.5,0.85,2,57.67090677477347
expanded_latest,non_pretrained,12,historical_growth,0.5,0.5,0.95,2,59.89797143386013
expanded_latest,non_pretrained,12,historical_growth,0.5,0.5,0.9,1,59.550065580450465
expanded_latest,non_pretrained,12,historical_growth,0.5,0.5,0.9,3,58.46128356621668
expanded_latest,non_pretrained,12,half_growth,0.25,0.0,0.9,2,42.92314982912664
expanded_latest,non_pretrained,12,half_growth,0.25,0.5,0.9,2,51.85247147351509
expanded_latest,non_pretrained,12,half_growth,0.25,1.0,0.9,2,60.66501597265212
expanded_latest,non_pretrained,12,half_growth,0.5,0.0,0.9,2,45.19956656197217
expanded_latest,non_pretrained,12,half_growth,0.5,0.5,0.9,2,54.153146043421664
expanded_latest,non_pretrained,12,half_growth,0.5,1.0,0.9,2,62.84632067734228
expanded_latest,non_pretrained,12,half_growth,0.75,0.0,0.9,2,47.49624820826648
expanded_latest,non_pretrained,12,half_growth,0.75,0.5,0.9,2,56.43624727269764
expanded_latest,non_pretrained,12,half_growth,0.75,1.0,0.9,2,64.97649735539854
expanded_latest,non_pretrained,12,half_growth,0.5,0.5,0.85,2,53.10910345413018
expanded_latest,non_pretrained,12,half_growth,0.5,0.5,0.95,2,55.39052623791174
expanded_latest,non_pretrained,12,half_growth,0.5,0.5,0.9,1,55.032872775545925
expanded_latest,non_pretrained,12,half_growth,0.5,0.5,0.9,3,53.91659476844276
expanded_latest,non_pretrained,12,quarter_growth,0.25,0.0,0.9,2,41.79545958505469
expanded_latest,non_pretrained,12,quarter_growth,0.25,0.5,0.9,2,50.69856558122682
expanded_latest,non_pretrained,12,quarter_growth,0.25,1.0,0.9,2,59.55758472064165
expanded_latest,non_pretrained,12,quarter_growth,0.5,0.0,0.9,2,42.92314982912664
expanded_latest,non_pretrained,12,quarter_growth,0.5,0.5,0.9,2,51.85247147351509
expanded_latest,non_pretrained,12,quarter_growth,0.5,1.0,0.9,2,60.66501597265212
expanded_latest,non_pretrained,12,quarter_growth,0.75,0.0,0.9,2,44.058235048123144
expanded_latest,non_pretrained,12,quarter_growth,0.75,0.5,0.9,2,53.00440478051007
expanded_latest,non_pretrained,12,quarter_growth,0.75,1.0,0.9,2,61.76159222477969
expanded_latest,non_pretrained,12,quarter_growth,0.5,0.5,0.85,2,50.80363331942636
expanded_latest,non_pretrained,12,quarter_growth,0.5,0.5,0.95,2,53.09816627510512
expanded_latest,non_pretrained,12,quarter_growth,0.5,0.5,0.9,1,52.737815789883555
expanded_latest,non_pretrained,12,quarter_growth,0.5,0.5,0.9,3,51.61465587683901
expanded_latest,non_pretrained,12,no_growth,0.25,0.0,0.9,2,40.67628242552743
expanded_latest,non_pretrained,12,no_growth,0.25,0.5,0.9,2,49.54391495192314
expanded_latest,non_pretrained,12,no_growth,0.25,1.0,0.9,2,58.44033437814532
expanded_latest,non_pretrained,12,no_growth,0.5,0.0,0.9,2,40.67628242552743
expanded_latest,non_pretrained,12,no_growth,0.5,0.5,0.9,2,49.54391495192314
expanded_latest,non_pretrained,12,no_growth,0.5,1.0,0.9,2,58.44033437814532
expanded_latest,non_pretrained,12,no_growth,0.75,0.0,0.9,2,40.67628242552743
expanded_latest,non_pretrained,12,no_growth,0.75,0.5,0.9,2,49.54391495192314
expanded_latest,non_pretrained,12,no_growth,0.75,1.0,0.9,2,58.44033437814532
expanded_latest,non_pretrained,12,no_growth,0.5,0.5,0.85,2,48.494740053990824
expanded_latest,non_pretrained,12,no_growth,0.5,0.5,0.95,2,50.79265663396306
expanded_latest,non_pretrained,12,no_growth,0.5,0.5,0.9,1,50.43112878494773
expanded_latest,non_pretrained,12,no_growth,0.5,0.5,0.9,3,49.30584463440539
expanded_latest,non_pretrained,24,historical_growth,0.25,0.0,0.9,2,49.80357081297087
expanded_latest,non_pretrained,24,historical_growth,0.25,0.5,0.9,2,67.04857797732511
expanded_latest,non_pretrained,24,historical_growth,0.25,1.0,0.9,2,80.66867000075274
expanded_latest,non_pretrained,24,historical_growth,0.5,0.0,0.9,2,58.94396940946374
expanded_latest,non_pretrained,24,historical_growth,0.5,0.5,0.9,2,74.64731246861294
expanded_latest,non_pretrained,24,historical_growth,0.5,1.0,0.9,2,85.79211453479873
expanded_latest,non_pretrained,24,historical_growth,0.75,0.0,0.9,2,67.5058981813883
expanded_latest,non_pretrained,24,historical_growth,0.75,0.5,0.9,2,80.99055491000318
expanded_latest,non_pretrained,24,historical_growth,0.75,1.0,0.9,2,89.7305402862917
expanded_latest,non_pretrained,24,historical_growth,0.5,0.5,0.85,2,73.84455896372077
expanded_latest,non_pretrained,24,historical_growth,0.5,0.5,0.95,2,75.58098521567095
expanded_latest,non_pretrained,24,historical_growth,0.5,0.5,0.9,1,75.31306123442997
expanded_latest,non_pretrained,24,historical_growth,0.5,0.5,0.9,3,74.4666453609535
expanded_latest,non_pretrained,24,half_growth,0.25,0.0,0.9,2,45.19956656197217
expanded_latest,non_pretrained,24,half_growth,0.25,0.5,0.9,2,62.84632067734228
expanded_latest,non_pretrained,24,half_growth,0.25,1.0,0.9,2,77.6236886787311
expanded_latest,non_pretrained,24,half_growth,0.5,0.0,0.9,2,49.80357081297087
expanded_latest,non_pretrained,24,half_growth,0.5,0.5,0.9,2,67.04857797732511
expanded_latest,non_pretrained,24,half_growth,0.5,1.0,0.9,2,80.66867000075274
expanded_latest,non_pretrained,24,half_growth,0.75,0.0,0.9,2,54.410908471918134
expanded_latest,non_pretrained,24,half_growth,0.75,0.5,0.9,2,70.99490031388892
expanded_latest,non_pretrained,24,half_growth,0.75,1.0,0.9,2,83.3879651720205
expanded_latest,non_pretrained,24,half_growth,0.5,0.5,0.85,2,66.11444177733372
expanded_latest,non_pretrained,24,half_growth,0.5,0.5,0.95,2,68.14266381931712
expanded_latest,non_pretrained,24,half_growth,0.5,0.5,0.9,1,67.82786668804324
expanded_latest,non_pretrained,24,half_growth,0.5,0.5,0.9,3,66.83781723572356
expanded_latest,non_pretrained,24,quarter_growth,0.25,0.0,0.9,2,42.92314982912664
expanded_latest,non_pretrained,24,quarter_growth,0.25,0.5,0.9,2,60.66501597265212
expanded_latest,non_pretrained,24,quarter_growth,0.25,1.0,0.9,2,75.9783528263913
expanded_latest,non_pretrained,24,quarter_growth,0.5,0.0,0.9,2,45.19956656197217
expanded_latest,non_pretrained,24,quarter_growth,0.5,0.5,0.9,2,62.84632067734228
expanded_latest,non_pretrained,24,quarter_growth,0.5,1.0,0.9,2,77.6236886787311
expanded_latest,non_pretrained,24,quarter_growth,0.75,0.0,0.9,2,47.49624820826648
expanded_latest,non_pretrained,24,quarter_growth,0.75,0.5,0.9,2,64.97649735539854
expanded_latest,non_pretrained,24,quarter_growth,0.75,1.0,0.9,2,79.18719982801636
expanded_latest,non_pretrained,24,quarter_growth,0.5,0.5,0.85,2,61.860819376125264
expanded_latest,non_pretrained,24,quarter_growth,0.5,0.5,0.95,2,64.00502881100327
expanded_latest,non_pretrained,24,quarter_growth,0.5,0.5,0.9,1,63.671143258001834
expanded_latest,non_pretrained,24,quarter_growth,0.5,0.5,0.9,3,62.623665084816935
expanded_latest,non_pretrained,24,no_growth,0.25,0.0,0.9,2,40.67628242552743
expanded_latest,non_pretrained,24,no_growth,0.25,0.5,0.9,2,58.44033437814532
expanded_latest,non_pretrained,24,no_growth,0.25,1.0,0.9,2,74.25216481806618
expanded_latest,non_pretrained,24,no_growth,0.5,0.0,0.9,2,40.67628242552743
expanded_latest,non_pretrained,24,no_growth,0.5,0.5,0.9,2,58.44033437814532
expanded_latest,non_pretrained,24,no_growth,0.5,1.0,0.9,2,74.25216481806618
expanded_latest,non_pretrained,24,no_growth,0.75,0.0,0.9,2,40.67628242552743
expanded_latest,non_pretrained,24,no_growth,0.75,0.5,0.9,2,58.44033437814532
expanded_latest,non_pretrained,24,no_growth,0.75,1.0,0.9,2,74.25216481806618
expanded_latest,non_pretrained,24,no_growth,0.5,0.5,0.85,2,57.41715120085322
expanded_latest,non_pretrained,24,no_growth,0.5,0.5,0.95,2,59.64822525448097
expanded_latest,non_pretrained,24,no_growth,0.5,0.5,0.9,1,59.299624970247734
expanded_latest,non_pretrained,24,no_growth,0.5,0.5,0.9,3,58.20883265244373
expanded_latest,pretrained,12,historical_growth,0.25,0.0,0.9,2,19.846889422163887
expanded_latest,pretrained,12,historical_growth,0.25,0.5,0.9,2,23.50179652536649
expanded_latest,pretrained,12,historical_growth,0.25,1.0,0.9,2,27.598024640582857
expanded_latest,pretrained,12,historical_growth,0.5,0.0,0.9,2,21.777937335046513
expanded_latest,pretrained,12,historical_growth,0.5,0.5,0.9,2,25.674547529777758
expanded_latest,pretrained,12,historical_growth,0.5,1.0,0.9,2,30.000956413704643
expanded_latest,pretrained,12,historical_growth,0.75,0.0,0.9,2,23.840985628664406
expanded_latest,pretrained,12,historical_growth,0.75,0.5,0.9,2,27.974713268243345
expanded_latest,pretrained,12,historical_growth,0.75,1.0,0.9,2,32.51913807514987
expanded_latest,pretrained,12,historical_growth,0.5,0.5,0.85,2,22.319942030821142
expanded_latest,pretrained,12,historical_growth,0.5,0.5,0.95,2,32.9800044661904
expanded_latest,pretrained,12,historical_growth,0.5,0.5,0.9,1,22.328354278931336
expanded_latest,pretrained,12,historical_growth,0.5,0.5,0.9,3,28.456208918740337
expanded_latest,pretrained,12,half_growth,0.25,0.0,0.9,2,18.93084535524376
expanded_latest,pretrained,12,half_growth,0.25,0.5,0.9,2,22.4643377843574
expanded_latest,pretrained,12,half_growth,0.25,1.0,0.9,2,26.442245822240093
expanded_latest,pretrained,12,half_growth,0.5,0.0,0.9,2,19.846889422163887
expanded_latest,pretrained,12,half_growth,0.5,0.5,0.9,2,23.50179652536649
expanded_latest,pretrained,12,half_growth,0.5,1.0,0.9,2,27.598024640582857
expanded_latest,pretrained,12,half_growth,0.75,0.0,0.9,2,20.795889284687203
expanded_latest,pretrained,12,half_growth,0.75,0.5,0.9,2,24.571983659879724
expanded_latest,pretrained,12,half_growth,0.75,1.0,0.9,2,28.78455315357678
expanded_latest,pretrained,12,half_growth,0.5,0.5,0.85,2,20.35333966588695
expanded_latest,pretrained,12,half_growth,0.5,0.5,0.95,2,30.442234478334
expanded_latest,pretrained,12,half_growth,0.5,0.5,0.9,1,20.361204994358697
expanded_latest,pretrained,12,half_growth,0.5,0.5,0.9,3,26.130816435080952
expanded_latest,pretrained,12,quarter_growth,0.25,0.0,0.9,2,18.485124508048028
expanded_latest,pretrained,12,quarter_growth,0.25,0.5,0.9,2,21.957955704876305
expanded_latest,pretrained,12,quarter_growth,0.25,1.0,0.9,2,25.87612054091162
expanded_latest,pretrained,12,quarter_growth,0.5,0.0,0.9,2,18.93084535524376
expanded_latest,pretrained,12,quarter_growth,0.5,0.5,0.9,2,22.4643377843574
expanded_latest,pretrained,12,quarter_growth,0.5,1.0,0.9,2,26.442245822240093
expanded_latest,pretrained,12,quarter_growth,0.75,0.0,0.9,2,19.38475780402211
expanded_latest,pretrained,12,quarter_growth,0.75,0.5,0.9,2,22.978959284076506
expanded_latest,pretrained,12,quarter_growth,0.75,1.0,0.9,2,27.01624263276296
expanded_latest,pretrained,12,quarter_growth,0.5,0.5,0.85,2,19.419583549250596
expanded_latest,pretrained,12,quarter_growth,0.5,0.5,0.95,2,29.215406876029064
expanded_latest,pretrained,12,quarter_growth,0.5,0.5,0.9,1,19.42717605275903
expanded_latest,pretrained,12,quarter_growth,0.5,0.5,0.9,3,25.015253233458587
expanded_latest,pretrained,12,no_growth,0.25,0.0,0.9,2,18.047561772006
expanded_latest,pretrained,12,no_growth,0.25,0.5,0.9,2,21.45982900921562
expanded_latest,pretrained,12,no_growth,0.25,1.0,0.9,2,25.31794410202681
expanded_latest,pretrained,12,no_growth,0.5,0.0,0.9,2,18.047561772006
expanded_latest,pretrained,12,no_growth,0.5,0.5,0.9,2,21.45982900921562
expanded_latest,pretrained,12,no_growth,0.5,1.0,0.9,2,25.31794410202681
expanded_latest,pretrained,12,no_growth,0.75,0.0,0.9,2,18.047561772006
expanded_latest,pretrained,12,no_growth,0.75,0.5,0.9,2,21.45982900921562
expanded_latest,pretrained,12,no_growth,0.75,1.0,0.9,2,25.31794410202681
expanded_latest,pretrained,12,no_growth,0.5,0.5,0.85,2,18.518705292189292
expanded_latest,pretrained,12,no_growth,0.5,0.5,0.95,2,28.018105494718316
expanded_latest,pretrained,12,no_growth,0.5,0.5,0.9,1,18.526026555409764
expanded_latest,pretrained,12,no_growth,0.5,0.5,0.9,3,23.931885676154675
expanded_latest,pretrained,24,historical_growth,0.25,0.0,0.9,2,21.777937335046513
expanded_latest,pretrained,24,historical_growth,0.25,0.5,0.9,2,30.000956413704643
expanded_latest,pretrained,24,historical_growth,0.25,1.0,0.9,2,39.751016110161295
expanded_latest,pretrained,24,historical_growth,0.5,0.0,0.9,2,26.034422767264342
expanded_latest,pretrained,24,historical_growth,0.5,0.5,0.9,2,35.14257173091349
expanded_latest,pretrained,24,historical_growth,0.5,1.0,0.9,2,45.47798577780658
expanded_latest,pretrained,24,historical_growth,0.75,0.0,0.9,2,30.79531351222823
expanded_latest,pretrained,24,historical_growth,0.75,0.5,0.9,2,40.65360043334108
expanded_latest,pretrained,24,historical_growth,0.75,1.0,0.9,2,51.32713725642056
expanded_latest,pretrained,24,historical_growth,0.5,0.5,0.85,2,31.06798438001984
expanded_latest,pretrained,24,historical_growth,0.5,0.5,0.95,2,43.5630585662727
expanded_latest,pretrained,24,historical_growth,0.5,0.5,0.9,1,31.07837460838249
expanded_latest,pretrained,24,historical_growth,0.5,0.5,0.9,3,38.419781778301314
expanded_latest,pretrained,24,half_growth,0.25,0.0,0.9,2,19.846889422163887
expanded_latest,pretrained,24,half_growth,0.25,0.5,0.9,2,27.598024640582857
expanded_latest,pretrained,24,half_growth,0.25,1.0,0.9,2,36.97970961817599
expanded_latest,pretrained,24,half_growth,0.5,0.0,0.9,2,21.777937335046513
expanded_latest,pretrained,24,half_growth,0.5,0.5,0.9,2,30.000956413704643
expanded_latest,pretrained,24,half_growth,0.5,1.0,0.9,2,39.751016110161295
expanded_latest,pretrained,24,half_growth,0.75,0.0,0.9,2,23.840985628664406
expanded_latest,pretrained,24,half_growth,0.75,0.5,0.9,2,32.51913807514987
expanded_latest,pretrained,24,half_growth,0.75,1.0,0.9,2,42.58965237521651
expanded_latest,pretrained,24,half_growth,0.5,0.5,0.85,2,26.280947688831585
expanded_latest,pretrained,24,half_growth,0.5,0.5,0.95,2,37.90956358547302
expanded_latest,pretrained,24,half_growth,0.5,0.5,0.9,1,26.290347559731956
expanded_latest,pretrained,24,half_growth,0.5,0.5,0.9,3,33.042967629852726
expanded_latest,pretrained,24,quarter_growth,0.25,0.0,0.9,2,18.93084535524376
expanded_latest,pretrained,24,quarter_growth,0.25,0.5,0.9,2,26.442245822240093
expanded_latest,pretrained,24,quarter_growth,0.25,1.0,0.9,2,35.6243536551915
expanded_latest,pretrained,24,quarter_growth,0.5,0.0,0.9,2,19.846889422163887
expanded_latest,pretrained,24,quarter_growth,0.5,0.5,0.9,2,27.598024640582857
expanded_latest,pretrained,24,quarter_growth,0.5,1.0,0.9,2,36.97970961817599
expanded_latest,pretrained,24,quarter_growth,0.75,0.0,0.9,2,20.795889284687203
expanded_latest,pretrained,24,quarter_growth,0.75,0.5,0.9,2,28.78455315357678
expanded_latest,pretrained,24,quarter_growth,0.75,1.0,0.9,2,38.35590766200963
expanded_latest,pretrained,24,quarter_growth,0.5,0.5,0.85,2,24.07350049008759
expanded_latest,pretrained,24,quarter_growth,0.5,0.5,0.95,2,35.19164980634839
expanded_latest,pretrained,24,quarter_growth,0.5,0.5,0.9,1,24.082368749687003
expanded_latest,pretrained,24,quarter_growth,0.5,0.5,0.9,3,30.502557763175503
expanded_latest,pretrained,24,no_growth,0.25,0.0,0.9,2,18.047561772006
expanded_latest,pretrained,24,no_growth,0.25,0.5,0.9,2,25.31794410202681
expanded_latest,pretrained,24,no_growth,0.25,1.0,0.9,2,34.29164298936912
expanded_latest,pretrained,24,no_growth,0.5,0.0,0.9,2,18.047561772006
expanded_latest,pretrained,24,no_growth,0.5,0.5,0.9,2,25.31794410202681
expanded_latest,pretrained,24,no_growth,0.5,1.0,0.9,2,34.29164298936912
expanded_latest,pretrained,24,no_growth,0.75,0.0,0.9,2,18.047561772006
expanded_latest,pretrained,24,no_growth,0.75,0.5,0.9,2,25.31794410202681
expanded_latest,pretrained,24,no_growth,0.75,1.0,0.9,2,34.29164298936912
expanded_latest,pretrained,24,no_growth,0.5,0.5,0.85,2,21.996142966279066
expanded_latest,pretrained,24,no_growth,0.5,0.5,0.95,2,32.56639206031283
expanded_latest,pretrained,24,no_growth,0.5,0.5,0.9,1,22.004467746249667
expanded_latest,pretrained,24,no_growth,0.5,0.5,0.9,3,28.075564071605555
strict_yes,non_pretrained,12,historical_growth,0.25,0.0,0.9,2,45.23559341669134
strict_yes,non_pretrained,12,historical_growth,0.25,0.5,0.9,2,53.615208380389575
strict_yes,non_pretrained,12,historical_growth,0.25,1.0,0.9,2,61.79552938606372
strict_yes,non_pretrained,12,historical_growth,0.5,0.0,0.9,2,49.780184142359005
strict_yes,non_pretrained,12,historical_growth,0.5,0.5,0.9,2,58.1083941703722
strict_yes,non_pretrained,12,historical_growth,0.5,1.0,0.9,2,65.99882860005128
strict_yes,non_pretrained,12,historical_growth,0.75,0.0,0.9,2,54.32840978236359
strict_yes,non_pretrained,12,historical_growth,0.75,0.5,0.9,2,62.47099334791362
strict_yes,non_pretrained,12,historical_growth,0.75,1.0,0.9,2,69.96444949089081
strict_yes,non_pretrained,12,historical_growth,0.5,0.5,0.85,2,57.273986678635765
strict_yes,non_pretrained,12,historical_growth,0.5,0.5,0.95,2,58.90021699963691
strict_yes,non_pretrained,12,historical_growth,0.5,0.5,0.9,1,58.62754451602298
strict_yes,non_pretrained,12,historical_growth,0.5,0.5,0.9,3,57.96485184828024
strict_yes,non_pretrained,12,half_growth,0.25,0.0,0.9,2,42.988067920786854
strict_yes,non_pretrained,12,half_growth,0.25,0.5,0.9,2,51.34166185209661
strict_yes,non_pretrained,12,half_growth,0.25,1.0,0.9,2,59.62096871622858
strict_yes,non_pretrained,12,half_growth,0.5,0.0,0.9,2,45.23559341669134
strict_yes,non_pretrained,12,half_growth,0.5,0.5,0.9,2,53.615208380389575
strict_yes,non_pretrained,12,half_growth,0.5,1.0,0.9,2,61.79552938606372
strict_yes,non_pretrained,12,half_growth,0.75,0.0,0.9,2,47.50271819562164
strict_yes,non_pretrained,12,half_growth,0.75,0.5,0.9,2,55.873825377809624
strict_yes,non_pretrained,12,half_growth,0.75,1.0,0.9,2,63.923843078104994
strict_yes,non_pretrained,12,half_growth,0.5,0.5,0.85,2,52.76405554375987
strict_yes,non_pretrained,12,half_growth,0.5,0.5,0.95,2,54.42535002310383
strict_yes,non_pretrained,12,half_growth,0.5,0.5,0.9,1,54.146101672769404
strict_yes,non_pretrained,12,half_growth,0.5,0.5,0.9,3,53.46859870198424
strict_yes,non_pretrained,12,quarter_growth,0.25,0.0,0.9,2,41.87446443424978
strict_yes,non_pretrained,12,quarter_growth,0.25,0.5,0.9,2,50.20221080310549
strict_yes,non_pretrained,12,quarter_growth,0.25,1.0,0.9,2,58.518753207043865
strict_yes,non_pretrained,12,quarter_growth,0.5,0.0,0.9,2,42.988067920786854
strict_yes,non_pretrained,12,quarter_growth,0.5,0.5,0.9,2,51.34166185209661
strict_yes,non_pretrained,12,quarter_growth,0.5,1.0,0.9,2,59.62096871622858
strict_yes,non_pretrained,12,quarter_growth,0.75,0.0,0.9,2,44.108812939713154
strict_yes,non_pretrained,12,quarter_growth,0.75,0.5,0.9,2,52.47972004574165
strict_yes,non_pretrained,12,quarter_growth,0.75,1.0,0.9,2,60.71355885023473
strict_yes,non_pretrained,12,quarter_growth,0.5,0.5,0.85,2,50.48731674971068
strict_yes,non_pretrained,12,quarter_growth,0.5,0.5,0.95,2,52.156077881521306
strict_yes,non_pretrained,12,quarter_growth,0.5,0.5,0.9,1,51.875219877460665
strict_yes,non_pretrained,12,quarter_growth,0.5,0.5,0.9,3,51.194407539590244
strict_yes,non_pretrained,12,no_growth,0.25,0.0,0.9,2,40.769079773480144
strict_yes,non_pretrained,12,no_growth,0.25,0.5,0.9,2,49.062549679850456
strict_yes,non_pretrained,12,no_growth,0.25,1.0,0.9,2,57.407944297642516
strict_yes,non_pretrained,12,no_growth,0.5,0.0,0.9,2,40.769079773480144
strict_yes,non_pretrained,12,no_growth,0.5,0.5,0.9,2,49.062549679850456
strict_yes,non_pretrained,12,no_growth,0.5,1.0,0.9,2,57.407944297642516
strict_yes,non_pretrained,12,no_growth,0.75,0.0,0.9,2,40.769079773480144
strict_yes,non_pretrained,12,no_growth,0.75,0.5,0.9,2,49.062549679850456
strict_yes,non_pretrained,12,no_growth,0.75,1.0,0.9,2,57.407944297642516
strict_yes,non_pretrained,12,no_growth,0.5,0.5,0.85,2,48.208555147568696
strict_yes,non_pretrained,12,no_growth,0.5,0.5,0.95,2,49.877871814455425
strict_yes,non_pretrained,12,no_growth,0.5,0.5,0.9,1,49.59656440177878
strict_yes,non_pretrained,12,no_growth,0.5,0.5,0.9,3,48.915260852253816
strict_yes,non_pretrained,24,historical_growth,0.25,0.0,0.9,2,49.780184142359005
strict_yes,non_pretrained,24,historical_growth,0.25,0.5,0.9,2,65.99882860005128
strict_yes,non_pretrained,24,historical_growth,0.25,1.0,0.9,2,79.17121272843553
strict_yes,non_pretrained,24,historical_growth,0.5,0.0,0.9,2,58.805590689736306
strict_yes,non_pretrained,24,historical_growth,0.5,0.5,0.9,2,73.65219715297306
strict_yes,non_pretrained,24,historical_growth,0.5,1.0,0.9,2,84.55352304468772
strict_yes,non_pretrained,24,historical_growth,0.75,0.0,0.9,2,67.27526561566111
strict_yes,non_pretrained,24,historical_growth,0.75,0.5,0.9,2,80.10223204469777
strict_yes,non_pretrained,24,historical_growth,0.75,1.0,0.9,2,88.74276493553666
strict_yes,non_pretrained,24,historical_growth,0.5,0.5,0.85,2,72.98344905379845
strict_yes,non_pretrained,24,historical_growth,0.5,0.5,0.95,2,74.28025829695999
strict_yes,non_pretrained,24,historical_growth,0.5,0.5,0.9,1,74.06469346375688
strict_yes,non_pretrained,24,historical_growth,0.5,0.5,0.9,3,73.5376610383917
strict_yes,non_pretrained,24,half_growth,0.25,0.0,0.9,2,45.23559341669134
strict_yes,non_pretrained,24,half_growth,0.25,0.5,0.9,2,61.79552938606372
strict_yes,non_pretrained,24,half_growth,0.25,1.0,0.9,2,76.00426204069785
strict_yes,non_pretrained,24,half_growth,0.5,0.0,0.9,2,49.780184142359005
strict_yes,non_pretrained,24,half_growth,0.5,0.5,0.9,2,65.99882860005128
strict_yes,non_pretrained,24,half_growth,0.5,1.0,0.9,2,79.17121272843553
strict_yes,non_pretrained,24,half_growth,0.75,0.0,0.9,2,54.32840978236359
strict_yes,non_pretrained,24,half_growth,0.75,0.5,0.9,2,69.96444949089081
strict_yes,non_pretrained,24,half_growth,0.75,1.0,0.9,2,82.01907338594982
strict_yes,non_pretrained,24,half_growth,0.5,0.5,0.85,2,65.22753694761882
strict_yes,non_pretrained,24,half_growth,0.5,0.5,0.95,2,66.72690842809233
strict_yes,non_pretrained,24,half_growth,0.5,0.5,0.9,1,66.47660771634273
strict_yes,non_pretrained,24,half_growth,0.5,0.5,0.9,3,65.86644130521987
strict_yes,non_pretrained,24,quarter_growth,0.25,0.0,0.9,2,42.988067920786854
strict_yes,non_pretrained,24,quarter_growth,0.25,0.5,0.9,2,59.62096871622858
strict_yes,non_pretrained,24,quarter_growth,0.25,1.0,0.9,2,74.30212830607519
strict_yes,non_pretrained,24,quarter_growth,0.5,0.0,0.9,2,45.23559341669134
strict_yes,non_pretrained,24,quarter_growth,0.5,0.5,0.9,2,61.79552938606372
strict_yes,non_pretrained,24,quarter_growth,0.5,1.0,0.9,2,76.00426204069785
strict_yes,non_pretrained,24,quarter_growth,0.75,0.0,0.9,2,47.50271819562164
strict_yes,non_pretrained,24,quarter_growth,0.75,0.5,0.9,2,63.923843078104994
strict_yes,non_pretrained,24,quarter_growth,0.75,1.0,0.9,2,77.6275996258797
strict_yes,non_pretrained,24,quarter_growth,0.5,0.5,0.85,2,60.985253725951154
strict_yes,non_pretrained,24,quarter_growth,0.5,0.5,0.95,2,62.56256020584028
strict_yes,non_pretrained,24,quarter_growth,0.5,0.5,0.9,1,62.29863264997078
strict_yes,non_pretrained,24,quarter_growth,0.5,0.5,0.9,3,61.65628433657087
strict_yes,non_pretrained,24,no_growth,0.25,0.0,0.9,2,40.769079773480144
strict_yes,non_pretrained,24,no_growth,0.25,0.5,0.9,2,57.407944297642516
strict_yes,non_pretrained,24,no_growth,0.25,1.0,0.9,2,72.52290418335558
strict_yes,non_pretrained,24,no_growth,0.5,0.0,0.9,2,40.769079773480144
strict_yes,non_pretrained,24,no_growth,0.5,0.5,0.9,2,57.407944297642516
strict_yes,non_pretrained,24,no_growth,0.5,1.0,0.9,2,72.52290418335558
strict_yes,non_pretrained,24,no_growth,0.75,0.0,0.9,2,40.769079773480144
strict_yes,non_pretrained,24,no_growth,0.75,0.5,0.9,2,57.407944297642516
strict_yes,non_pretrained,24,no_growth,0.75,1.0,0.9,2,72.52290418335558
strict_yes,non_pretrained,24,no_growth,0.5,0.5,0.85,2,56.57001254306982
strict_yes,non_pretrained,24,no_growth,0.5,0.5,0.95,2,58.20348370410894
strict_yes,non_pretrained,24,no_growth,0.5,0.5,0.9,1,57.92949044798242
strict_yes,non_pretrained,24,no_growth,0.5,0.5,0.9,3,57.26376704521611
permissive_label,non_pretrained,12,historical_growth,0.25,0.0,0.9,2,46.17148282554062
permissive_label,non_pretrained,12,historical_growth,0.25,0.5,0.9,2,56.0891986220395
permissive_label,non_pretrained,12,historical_growth,0.25,1.0,0.9,2,65.54328522643267
permissive_label,non_pretrained,12,historical_growth,0.5,0.0,0.9,2,50.84515216503986
permissive_label,non_pretrained,12,historical_growth,0.5,0.5,0.9,2,60.635908773152984
permissive_label,non_pretrained,12,historical_growth,0.5,1.0,0.9,2,69.64093139039441
permissive_label,non_pretrained,12,historical_growth,0.75,0.0,0.9,2,55.50409517963521
permissive_label,non_pretrained,12,historical_growth,0.75,0.5,0.9,2,65.00555972539152
permissive_label,non_pretrained,12,historical_growth,0.75,1.0,0.9,2,73.44868171799214
permissive_label,non_pretrained,12,historical_growth,0.5,0.5,0.85,2,59.53768052657877
permissive_label,non_pretrained,12,historical_growth,0.5,0.5,0.95,2,61.475495882400764
permissive_label,non_pretrained,12,historical_growth,0.5,0.5,0.9,1,60.952541252101504
permissive_label,non_pretrained,12,historical_growth,0.5,0.5,0.9,3,60.44493416498555
permissive_label,non_pretrained,12,half_growth,0.25,0.0,0.9,2,43.85457377705937
permissive_label,non_pretrained,12,half_growth,0.25,0.5,0.9,2,53.77176486524725
permissive_label,non_pretrained,12,half_growth,0.25,1.0,0.9,2,63.399213007595755
permissive_label,non_pretrained,12,half_growth,0.5,0.0,0.9,2,46.17148282554062
permissive_label,non_pretrained,12,half_growth,0.5,0.5,0.9,2,56.0891986220395
permissive_label,non_pretrained,12,half_growth,0.5,1.0,0.9,2,65.54328522643267
permissive_label,non_pretrained,12,half_growth,0.75,0.0,0.9,2,48.50504913106594
permissive_label,non_pretrained,12,half_growth,0.75,0.5,0.9,2,58.3803777483178
permissive_label,non_pretrained,12,half_growth,0.75,1.0,0.9,2,67.62589387059471
permissive_label,non_pretrained,12,half_growth,0.5,0.5,0.85,2,54.95834733605245
permissive_label,non_pretrained,12,half_growth,0.5,0.5,0.95,2,56.956922138397914
permissive_label,non_pretrained,12,half_growth,0.5,0.5,0.9,1,56.41611596523741
permissive_label,non_pretrained,12,half_growth,0.5,0.5,0.9,3,55.892211359537555
permissive_label,non_pretrained,12,quarter_growth,0.25,0.0,0.9,2,42.705454184602026
permissive_label,non_pretrained,12,quarter_growth,0.25,0.5,0.9,2,52.606264854104545
permissive_label,non_pretrained,12,quarter_growth,0.25,1.0,0.9,2,62.306289385278326
permissive_label,non_pretrained,12,quarter_growth,0.5,0.0,0.9,2,43.85457377705937
permissive_label,non_pretrained,12,quarter_growth,0.5,0.5,0.9,2,53.77176486524725
permissive_label,non_pretrained,12,quarter_growth,0.5,1.0,0.9,2,63.399213007595755
permissive_label,non_pretrained,12,quarter_growth,0.75,0.0,0.9,2,45.01032288092295
permissive_label,non_pretrained,12,quarter_growth,0.75,0.5,0.9,2,54.933157124435645
permissive_label,non_pretrained,12,quarter_growth,0.75,1.0,0.9,2,64.47851380090853
permissive_label,non_pretrained,12,quarter_growth,0.5,0.5,0.85,2,52.631634173047
permissive_label,non_pretrained,12,quarter_growth,0.5,0.5,0.95,2,54.648255147413806
permissive_label,non_pretrained,12,quarter_growth,0.5,0.5,0.9,1,54.10181702520418
permissive_label,non_pretrained,12,quarter_growth,0.5,0.5,0.9,3,53.572986707271056
permissive_label,non_pretrained,12,no_growth,0.25,0.0,0.9,2,41.56415440909722
permissive_label,non_pretrained,12,no_growth,0.25,0.5,0.9,2,51.43791792966726
permissive_label,non_pretrained,12,no_growth,0.25,1.0,0.9,2,61.20070269452493
permissive_label,non_pretrained,12,no_growth,0.5,0.0,0.9,2,41.56415440909722
permissive_label,non_pretrained,12,no_growth,0.5,0.5,0.9,2,51.43791792966726
permissive_label,non_pretrained,12,no_growth,0.5,1.0,0.9,2,61.20070269452493
permissive_label,non_pretrained,12,no_growth,0.75,0.0,0.9,2,41.56415440909722
permissive_label,non_pretrained,12,no_growth,0.75,0.5,0.9,2,51.43791792966726
permissive_label,non_pretrained,12,no_growth,0.75,1.0,0.9,2,61.20070269452493
permissive_label,non_pretrained,12,no_growth,0.5,0.5,0.85,2,50.293435653435026
permissive_label,non_pretrained,12,no_growth,0.5,0.5,0.95,2,52.31942077324033
permissive_label,non_pretrained,12,no_growth,0.5,0.5,0.9,1,51.76968727401082
permissive_label,non_pretrained,12,no_growth,0.5,0.5,0.9,3,51.23820476542747
permissive_label,non_pretrained,24,historical_growth,0.25,0.0,0.9,2,50.84515216503986
permissive_label,non_pretrained,24,historical_growth,0.25,0.5,0.9,2,69.64093139039441
permissive_label,non_pretrained,24,historical_growth,0.25,1.0,0.9,2,83.57177736885427
permissive_label,non_pretrained,24,historical_growth,0.5,0.0,0.9,2,60.068257616396174
permissive_label,non_pretrained,24,historical_growth,0.5,0.5,0.9,2,76.93701049867431
permissive_label,non_pretrained,24,historical_growth,0.5,1.0,0.9,2,88.09236215003244
permissive_label,non_pretrained,24,historical_growth,0.75,0.0,0.9,2,68.62855604818044
permissive_label,non_pretrained,24,historical_growth,0.75,0.5,0.9,2,82.909948845127
permissive_label,non_pretrained,24,historical_growth,0.75,1.0,0.9,2,91.49559436825996
permissive_label,non_pretrained,24,historical_growth,0.5,0.5,0.85,2,76.11442126780324
permissive_label,non_pretrained,24,historical_growth,0.5,0.5,0.95,2,77.55759860312956
permissive_label,non_pretrained,24,historical_growth,0.5,0.5,0.9,1,77.17188622224464
permissive_label,non_pretrained,24,historical_growth,0.5,0.5,0.9,3,76.7948551463789
permissive_label,non_pretrained,24,half_growth,0.25,0.0,0.9,2,46.17148282554062
permissive_label,non_pretrained,24,half_growth,0.25,0.5,0.9,2,65.54328522643267
permissive_label,non_pretrained,24,half_growth,0.25,1.0,0.9,2,80.83702074218728
permissive_label,non_pretrained,24,half_growth,0.5,0.0,0.9,2,50.84515216503986
permissive_label,non_pretrained,24,half_growth,0.5,0.5,0.9,2,69.64093139039441
permissive_label,non_pretrained,24,half_growth,0.5,1.0,0.9,2,83.57177736885427
permissive_label,non_pretrained,24,half_growth,0.75,0.0,0.9,2,55.50409517963521
permissive_label,non_pretrained,24,half_growth,0.75,0.5,0.9,2,73.44868171799214
permissive_label,non_pretrained,24,half_growth,0.75,1.0,0.9,2,85.98392486458764
permissive_label,non_pretrained,24,half_growth,0.5,0.5,0.85,2,68.66410213536842
permissive_label,non_pretrained,24,half_growth,0.5,0.5,0.95,2,70.38226756058921
permissive_label,non_pretrained,24,half_growth,0.5,0.5,0.9,1,69.92106155162168
permissive_label,non_pretrained,24,half_growth,0.5,0.5,0.9,3,69.47164909435507
permissive_label,non_pretrained,24,quarter_growth,0.25,0.0,0.9,2,43.85457377705937
permissive_label,non_pretrained,24,quarter_growth,0.25,0.5,0.9,2,63.399213007595755
permissive_label,non_pretrained,24,quarter_growth,0.25,1.0,0.9,2,79.34469847767686
permissive_label,non_pretrained,24,quarter_growth,0.5,0.0,0.9,2,46.17148282554062
permissive_label,non_pretrained,24,quarter_growth,0.5,0.5,0.9,2,65.54328522643267
permissive_label,non_pretrained,24,quarter_growth,0.5,1.0,0.9,2,80.83702074218728
permissive_label,non_pretrained,24,quarter_growth,0.75,0.0,0.9,2,48.50504913106594
permissive_label,non_pretrained,24,quarter_growth,0.75,0.5,0.9,2,67.62589387059471
permissive_label,non_pretrained,24,quarter_growth,0.75,1.0,0.9,2,82.24565013958411
permissive_label,non_pretrained,24,quarter_growth,0.5,0.5,0.85,2,64.50181638528721
permissive_label,non_pretrained,24,quarter_growth,0.5,0.5,0.95,2,66.3363135390663
permissive_label,non_pretrained,24,quarter_growth,0.5,0.5,0.9,1,65.84268039282419
permissive_label,non_pretrained,24,quarter_growth,0.5,0.5,0.9,3,65.36251864881899
permissive_label,non_pretrained,24,no_growth,0.25,0.0,0.9,2,41.56415440909722
permissive_label,non_pretrained,24,no_growth,0.25,0.5,0.9,2,61.20070269452493
permissive_label,non_pretrained,24,no_growth,0.25,1.0,0.9,2,77.76812277312825
permissive_label,non_pretrained,24,no_growth,0.5,0.0,0.9,2,41.56415440909722
permissive_label,non_pretrained,24,no_growth,0.5,0.5,0.9,2,61.20070269452493
permissive_label,non_pretrained,24,no_growth,0.5,1.0,0.9,2,77.76812277312825
permissive_label,non_pretrained,24,no_growth,0.75,0.0,0.9,2,41.56415440909722
permissive_label,non_pretrained,24,no_growth,0.75,0.5,0.9,2,61.20070269452493
permissive_label,non_pretrained,24,no_growth,0.75,1.0,0.9,2,77.76812277312825
permissive_label,non_pretrained,24,no_growth,0.5,0.5,0.85,2,60.10786508724078
permissive_label,non_pretrained,24,no_growth,0.5,0.5,0.95,2,62.03578568706163
permissive_label,non_pretrained,24,no_growth,0.5,0.5,0.9,1,61.51567550957585
permissive_label,non_pretrained,24,no_growth,0.5,0.5,0.9,3,61.01070628152989
permissive_label,pretrained,12,historical_growth,0.25,0.0,0.9,2,17.016824352847596
permissive_label,pretrained,12,historical_growth,0.25,0.5,0.9,2,19.514796526603963
permissive_label,pretrained,12,historical_growth,0.25,1.0,0.9,2,22.28100087864522
permissive_label,pretrained,12,historical_growth,0.5,0.0,0.9,2,18.68265481917429
permissive_label,pretrained,12,historical_growth,0.5,0.5,0.9,2,21.36221130317409
permissive_label,pretrained,12,historical_growth,0.5,1.0,0.9,2,24.311185309301273
permissive_label,pretrained,12,historical_growth,0.75,0.0,0.9,2,20.471329684018663
permissive_label,pretrained,12,historical_growth,0.75,0.5,0.9,2,23.333812913356418
permissive_label,pretrained,12,historical_growth,0.75,1.0,0.9,2,26.463367170381293
permissive_label,pretrained,12,historical_growth,0.5,0.5,0.85,2,21.066311652491283
permissive_label,pretrained,12,historical_growth,0.5,0.5,0.95,2,23.83014883483505
permissive_label,pretrained,12,historical_growth,0.5,0.5,0.9,1,21.397085023274435
permissive_label,pretrained,12,historical_growth,0.5,0.5,0.9,3,21.387300598123197
permissive_label,pretrained,12,half_growth,0.25,0.0,0.9,2,16.229217206428416
permissive_label,pretrained,12,half_growth,0.25,0.5,0.9,2,18.6375399004156
permissive_label,pretrained,12,half_growth,0.25,1.0,0.9,2,21.312321653243142
permissive_label,pretrained,12,half_growth,0.5,0.0,0.9,2,17.016824352847596
permissive_label,pretrained,12,half_growth,0.5,0.5,0.9,2,19.514796526603963
permissive_label,pretrained,12,half_growth,0.5,1.0,0.9,2,22.28100087864522
permissive_label,pretrained,12,half_growth,0.75,0.0,0.9,2,17.834516740578405
permissive_label,pretrained,12,half_growth,0.75,0.5,0.9,2,20.42298026710399
permissive_label,pretrained,12,half_growth,0.75,1.0,0.9,2,23.280681916583795
permissive_label,pretrained,12,half_growth,0.5,0.5,0.85,2,19.238226108566323
permissive_label,pretrained,12,half_growth,0.5,0.5,0.95,2,21.828549795901147
permissive_label,pretrained,12,half_growth,0.5,0.5,0.9,1,19.54740402701426
permissive_label,pretrained,12,half_growth,0.5,0.5,0.9,3,19.53825517655014
permissive_label,pretrained,12,quarter_growth,0.25,0.0,0.9,2,15.84656430196227
permissive_label,pretrained,12,quarter_growth,0.25,0.5,0.9,2,18.210447337454994
permissive_label,pretrained,12,quarter_growth,0.25,1.0,0.9,2,20.839634123748688
permissive_label,pretrained,12,quarter_growth,0.5,0.0,0.9,2,16.229217206428416
permissive_label,pretrained,12,quarter_growth,0.5,0.5,0.9,2,18.6375399004156
permissive_label,pretrained,12,quarter_growth,0.5,1.0,0.9,2,21.312321653243142
permissive_label,pretrained,12,quarter_growth,0.75,0.0,0.9,2,16.619285372884153
permissive_label,pretrained,12,quarter_growth,0.75,0.5,0.9,2,19.072313370329258
permissive_label,pretrained,12,quarter_growth,0.75,1.0,0.9,2,21.79277911062457
permissive_label,pretrained,12,quarter_growth,0.5,0.5,0.85,2,18.37056451100731
permissive_label,pretrained,12,quarter_growth,0.5,0.5,0.95,2,20.87425789425743
permissive_label,pretrained,12,quarter_growth,0.5,0.5,0.9,1,18.669021587800543
permissive_label,pretrained,12,quarter_growth,0.5,0.5,0.9,3,18.66018849662744
permissive_label,pretrained,12,no_growth,0.25,0.0,0.9,2,15.47126732608538
permissive_label,pretrained,12,no_growth,0.25,0.5,0.9,2,17.791001817528866
permissive_label,pretrained,12,no_growth,0.25,1.0,0.9,2,20.374715787105945
permissive_label,pretrained,12,no_growth,0.5,0.0,0.9,2,15.47126732608538
permissive_label,pretrained,12,no_growth,0.5,0.5,0.9,2,17.791001817528866
permissive_label,pretrained,12,no_growth,0.5,1.0,0.9,2,20.374715787105945
permissive_label,pretrained,12,no_growth,0.75,0.0,0.9,2,15.47126732608538
permissive_label,pretrained,12,no_growth,0.75,0.5,0.9,2,17.791001817528866
permissive_label,pretrained,12,no_growth,0.75,1.0,0.9,2,20.374715787105945
permissive_label,pretrained,12,no_growth,0.5,0.5,0.85,2,17.533539539272613
permissive_label,pretrained,12,no_growth,0.5,0.5,0.95,2,19.951037670236065
permissive_label,pretrained,12,no_growth,0.5,0.5,0.9,1,17.821366779170535
permissive_label,pretrained,12,no_growth,0.5,0.5,0.9,3,17.812846909740795
permissive_label,pretrained,24,historical_growth,0.25,0.0,0.9,2,18.68265481917429
permissive_label,pretrained,24,historical_growth,0.25,0.5,0.9,2,24.311185309301273
permissive_label,pretrained,24,historical_growth,0.25,1.0,0.9,2,30.989207775682836
permissive_label,pretrained,24,historical_growth,0.5,0.0,0.9,2,22.38411298055316
permissive_label,pretrained,24,historical_growth,0.5,0.5,0.9,2,28.73374497867399
permissive_label,pretrained,24,historical_growth,0.5,1.0,0.9,2,36.04801502861156
permissive_label,pretrained,24,historical_growth,0.75,0.0,0.9,2,26.579215144709217
permissive_label,pretrained,24,historical_growth,0.75,0.5,0.9,2,33.60364558298413
permissive_label,pretrained,24,historical_growth,0.75,1.0,0.9,2,41.43678784570645
permissive_label,pretrained,24,historical_growth,0.5,0.5,0.85,2,28.37257852949656
permissive_label,pretrained,24,historical_growth,0.5,0.5,0.95,2,31.709895283993525
permissive_label,pretrained,24,historical_growth,0.5,0.5,0.9,1,28.77624904627518
permissive_label,pretrained,24,historical_growth,0.5,0.5,0.9,3,28.764325107971242
permissive_label,pretrained,24,half_growth,0.25,0.0,0.9,2,17.016824352847596
permissive_label,pretrained,24,half_growth,0.25,0.5,0.9,2,22.28100087864522
permissive_label,pretrained,24,half_growth,0.25,1.0,0.9,2,28.61216586008606
permissive_label,pretrained,24,half_growth,0.5,0.0,0.9,2,18.68265481917429
permissive_label,pretrained,24,half_growth,0.5,0.5,0.9,2,24.311185309301273
permissive_label,pretrained,24,half_growth,0.5,1.0,0.9,2,30.989207775682836
permissive_label,pretrained,24,half_growth,0.75,0.0,0.9,2,20.471329684018663
permissive_label,pretrained,24,half_growth,0.75,0.5,0.9,2,26.463367170381293
permissive_label,pretrained,24,half_growth,0.75,1.0,0.9,2,33.471138516750926
permissive_label,pretrained,24,half_growth,0.5,0.5,0.85,2,23.986897635833948
permissive_label,pretrained,24,half_growth,0.5,0.5,0.95,2,27.002825671004086
permissive_label,pretrained,24,half_growth,0.5,0.5,0.9,1,24.349382553363018
permissive_label,pretrained,24,half_growth,0.5,0.5,0.9,3,24.338666128088647
permissive_label,pretrained,24,quarter_growth,0.25,0.0,0.9,2,16.229217206428416
permissive_label,pretrained,24,quarter_growth,0.25,0.5,0.9,2,21.312321653243142
permissive_label,pretrained,24,quarter_growth,0.25,1.0,0.9,2,27.465507963559972
permissive_label,pretrained,24,quarter_growth,0.5,0.0,0.9,2,17.016824352847596
permissive_label,pretrained,24,quarter_growth,0.5,0.5,0.9,2,22.28100087864522
permissive_label,pretrained,24,quarter_growth,0.5,1.0,0.9,2,28.61216586008606
permissive_label,pretrained,24,quarter_growth,0.75,0.0,0.9,2,17.834516740578405
permissive_label,pretrained,24,quarter_growth,0.75,0.5,0.9,2,23.280681916583795
permissive_label,pretrained,24,quarter_growth,0.75,1.0,0.9,2,29.787036530732244
permissive_label,pretrained,24,quarter_growth,0.5,0.5,0.85,2,21.975931133267558
permissive_label,pretrained,24,quarter_growth,0.5,0.5,0.95,2,24.821580080460862
permissive_label,pretrained,24,quarter_growth,0.5,0.5,0.9,1,22.31694885022333
permissive_label,pretrained,24,quarter_growth,0.5,0.5,0.9,3,22.306863163644724
permissive_label,pretrained,24,no_growth,0.25,0.0,0.9,2,15.47126732608538
permissive_label,pretrained,24,no_growth,0.25,0.5,0.9,2,20.374715787105945
permissive_label,pretrained,24,no_growth,0.25,1.0,0.9,2,26.347842929115085
permissive_label,pretrained,24,no_growth,0.5,0.0,0.9,2,15.47126732608538
permissive_label,pretrained,24,no_growth,0.5,0.5,0.9,2,20.374715787105945
permissive_label,pretrained,24,no_growth,0.5,1.0,0.9,2,26.347842929115085
permissive_label,pretrained,24,no_growth,0.75,0.0,0.9,2,15.47126732608538
permissive_label,pretrained,24,no_growth,0.75,0.5,0.9,2,20.374715787105945
permissive_label,pretrained,24,no_growth,0.75,1.0,0.9,2,26.347842929115085
permissive_label,pretrained,24,no_growth,0.5,0.5,0.85,2,20.089000174133858
permissive_label,pretrained,24,no_growth,0.5,0.5,0.95,2,22.761591071290017
permissive_label,pretrained,24,no_growth,0.5,0.5,0.9,1,20.408395799018226
permissive_label,pretrained,24,no_growth,0.5,0.5,0.9,3,20.398946149971138
