protocol,sample_id,group_id,N_params_B,D_tokens_B,actual_loss,predicted_loss,residual_pred_minus_actual
token_tail_70_30,B1:0.070542:99000,N=0.070542B,0.070542,207.618,2.8403,2.8403133536064984,1.3353606498345272e-05
token_tail_70_30,B1:0.070542:100000,N=0.070542B,0.070542,209.715,2.8392,2.839530812226447,0.0003308122264469304
token_tail_70_30,B1:0.070542:101000,N=0.070542B,0.070542,211.812,2.8388,2.838758222098075,-4.177790192505526e-05
token_tail_70_30,B1:0.070542:102000,N=0.070542B,0.070542,213.91,2.838,2.8379949985164328,-5.00148356730179e-06
token_tail_70_30,B1:0.070542:103000,N=0.070542B,0.070542,216.007,2.8377,2.83724165289843,-0.0004583471015697782
token_tail_70_30,B1:0.070542:104000,N=0.070542B,0.070542,218.104,2.8365,2.8364976099252064,-2.3900747936345113e-06
token_tail_70_30,B1:0.070542:105000,N=0.070542B,0.070542,220.201,2.8358,2.8357626669240865,-3.733307591335944e-05
token_tail_70_30,B1:0.070542:106000,N=0.070542B,0.070542,222.298,2.8351,2.8350366275145915,-6.337248540866369e-05
token_tail_70_30,B1:0.070542:107000,N=0.070542B,0.070542,224.395,2.8341,2.834319301355924,0.0002193013559241841
token_tail_70_30,B1:0.070542:108000,N=0.070542B,0.070542,226.492,2.8338,2.8336105039068324,-0.00018949609316765148
token_tail_70_30,B1:0.070542:109000,N=0.070542B,0.070542,228.59,2.8331,2.832909724137444,-0.00019027586255582207
token_tail_70_30,B1:0.070542:110000,N=0.070542B,0.070542,230.687,2.8324,2.8322174564089915,-0.00018254359100833284
token_tail_70_30,B1:0.070542:111000,N=0.070542B,0.070542,232.784,2.8314,2.831533196254245,0.00013319625424523807
token_tail_70_30,B1:0.070542:112000,N=0.070542B,0.070542,234.881,2.8311,2.830856780154755,-0.0002432198452453349
token_tail_70_30,B1:0.070542:113000,N=0.070542B,0.070542,236.978,2.83,2.830188049353184,0.00018804935318383897
token_tail_70_30,B1:0.070542:114000,N=0.070542B,0.070542,239.075,2.8297,2.829526849674008,-0.00017315032599185542
token_tail_70_30,B1:0.070542:115000,N=0.070542B,0.070542,241.172,2.8293,2.828873031352467,-0.0004269686475328882
token_tail_70_30,B1:0.070542:116000,N=0.070542B,0.070542,243.27,2.8281,2.828226142237881,0.00012614223788087742
token_tail_70_30,B1:0.070542:117000,N=0.070542B,0.070542,245.367,2.8275,2.827586657521624,8.665752162384521e-05
token_tail_70_30,B1:0.070542:118000,N=0.070542B,0.070542,247.464,2.827,2.8269541296728598,-4.587032714020722e-05
token_tail_70_30,B1:0.070542:119000,N=0.070542B,0.070542,249.561,2.8263,2.8263284250112486,2.8425011248778276e-05
token_tail_70_30,B1:0.070542:120000,N=0.070542B,0.070542,251.658,2.8255,2.825709413521034,0.0002094135210342074
token_tail_70_30,B1:0.070542:121000,N=0.070542B,0.070542,253.755,2.8251,2.8250969687210445,-3.0312789554010067e-06
token_tail_70_30,B1:0.070542:122000,N=0.070542B,0.070542,255.853,2.8243,2.824490680073449,0.00019068007344902327
token_tail_70_30,B1:0.070542:123000,N=0.070542B,0.070542,257.95,2.824,2.823891005719893,-0.00010899428010668899
token_tail_70_30,B1:0.070542:124000,N=0.070542B,0.070542,260.047,2.8232,2.82329753854861,9.753854860994338e-05
token_tail_70_30,B1:0.070542:125000,N=0.070542B,0.070542,262.144,2.823,2.8227101650268205,-0.00028983497317947027
token_tail_70_30,B1:0.070542:126000,N=0.070542B,0.070542,264.241,2.822,2.822128774585389,0.00012877458538884667
token_tail_70_30,B1:0.070542:127000,N=0.070542B,0.070542,266.338,2.8215,2.8215532595186716,5.325951867174439e-05
token_tail_70_30,B1:0.070542:128000,N=0.070542B,0.070542,268.435,2.8212,2.8209835148885043,-0.00021648511149585659
token_tail_70_30,B1:0.070542:129000,N=0.070542B,0.070542,270.533,2.8202,2.8204191707762063,0.00021917077620647873
token_tail_70_30,B1:0.070542:130000,N=0.070542B,0.070542,272.63,2.8199,2.8198606654500527,-3.9334549947422914e-05
token_tail_70_30,B1:0.070542:131000,N=0.070542B,0.070542,274.727,2.8196,2.8193076314029537,-0.00029236859704617757
token_tail_70_30,B1:0.070542:132000,N=0.070542B,0.070542,276.824,2.8185,2.8187599738837106,0.00025997388371079566
token_tail_70_30,B1:0.070542:133000,N=0.070542B,0.070542,278.921,2.8183,2.8182176004839605,-8.239951603927764e-05
token_tail_70_30,B1:0.070542:134000,N=0.070542B,0.070542,281.018,2.8178,2.817680421063153,-0.00011957893684710896
token_tail_70_30,B1:0.070542:135000,N=0.070542B,0.070542,283.116,2.8173,2.81714809515002,-0.00015190484998006681
token_tail_70_30,B1:0.070542:136000,N=0.070542B,0.070542,285.213,2.8164,2.816621044352931,0.00022104435293135438
token_tail_70_30,B1:0.070542:137000,N=0.070542B,0.070542,287.31,2.8159,2.816098929973596,0.00019892997359605147
token_tail_70_30,B1:0.070542:138000,N=0.070542B,0.070542,289.407,2.8157,2.815581670250223,-0.00011832974977687982
token_tail_70_30,B1:0.070542:139000,N=0.070542B,0.070542,291.504,2.8152,2.8150691853551844,-0.00013081464481556893
token_tail_70_30,B1:0.070542:140000,N=0.070542B,0.070542,293.601,2.8146,2.8145613973357375,-3.860266426247705e-05
token_tail_70_30,B1:0.070542:141000,N=0.070542B,0.070542,295.698,2.8142,2.8140582300569728,-0.0001417699430272812
token_tail_70_30,B1:0.070542:142000,N=0.070542B,0.070542,297.796,2.8135,2.8135593724415866,5.937244158671362e-05
token_tail_70_30,B1:0.070542:143000,N=0.070542B,0.070542,299.893,2.8131,2.8130652273545147,-3.4772645485237064e-05
token_tail_70_30,B1:0.162405:99000,N=0.162405B,0.162405,207.618,2.6249,2.625065814870314,0.00016581487031430697
token_tail_70_30,B1:0.162405:100000,N=0.162405B,0.162405,209.715,2.6243,2.6242832734902626,-1.6726509737274853e-05
token_tail_70_30,B1:0.162405:101000,N=0.162405B,0.162405,211.812,2.6234,2.6235106833618906,0.00011068336189046235
token_tail_70_30,B1:0.162405:102000,N=0.162405B,0.162405,213.91,2.623,2.6227474597802485,-0.0002525402197517401
token_tail_70_30,B1:0.162405:103000,N=0.162405B,0.162405,216.007,2.6218,2.621994114162246,0.00019411416224590639
token_tail_70_30,B1:0.162405:104000,N=0.162405B,0.162405,218.104,2.6212,2.621250071189022,5.007118902211616e-05
token_tail_70_30,B1:0.162405:105000,N=0.162405B,0.162405,220.201,2.6206,2.620515128187902,-8.48718120978198e-05
token_tail_70_30,B1:0.162405:106000,N=0.162405B,0.162405,222.298,2.62,2.619789088778407,-0.000210911221592891
token_tail_70_30,B1:0.162405:107000,N=0.162405B,0.162405,224.395,2.6189,2.6190717626197397,0.00017176261973972373
token_tail_70_30,B1:0.162405:108000,N=0.162405B,0.162405,226.492,2.6186,2.618362965170648,-0.00023703482935166775
token_tail_70_30,B1:0.162405:109000,N=0.162405B,0.162405,228.59,2.6177,2.61766218540126,-3.781459874030446e-05
token_tail_70_30,B1:0.162405:110000,N=0.162405B,0.162405,230.687,2.6169,2.616969917672807,6.99176728073958e-05
token_tail_70_30,B1:0.162405:111000,N=0.162405B,0.162405,232.784,2.6164,2.616285657518061,-0.00011434248193920027
token_tail_70_30,B1:0.162405:112000,N=0.162405B,0.162405,234.881,2.6157,2.6156092414185705,-9.075858142937321e-05
token_tail_70_30,B1:0.162405:113000,N=0.162405B,0.162405,236.978,2.6149,2.6149405106169996,4.051061699961167e-05
token_tail_70_30,B1:0.162405:114000,N=0.162405B,0.162405,239.075,2.6143,2.6142793109378237,-2.0689062176337814e-05
token_tail_70_30,B1:0.162405:115000,N=0.162405B,0.162405,241.172,2.6136,2.6136254926162827,2.5492616282818403e-05
token_tail_70_30,B1:0.162405:116000,N=0.162405B,0.162405,243.27,2.613,2.6129786035016966,-2.1396498303349887e-05
token_tail_70_30,B1:0.162405:117000,N=0.162405B,0.162405,245.367,2.6125,2.6123391187854397,-0.00016088121456014903
token_tail_70_30,B1:0.162405:118000,N=0.162405B,0.162405,247.464,2.612,2.6117065909366755,-0.00029340906332464556
token_tail_70_30,B1:0.162405:119000,N=0.162405B,0.162405,249.561,2.6109,2.6110808862750643,0.0001808862750642959
token_tail_70_30,B1:0.162405:120000,N=0.162405B,0.162405,251.658,2.6108,2.61046187478485,-0.00033812521514997584
token_tail_70_30,B1:0.162405:121000,N=0.162405B,0.162405,253.755,2.6096,2.6098494299848602,0.00024942998486032764
token_tail_70_30,B1:0.162405:122000,N=0.162405B,0.162405,255.853,2.6092,2.6092431413372648,4.3141337264795965e-05
token_tail_70_30,B1:0.162405:123000,N=0.162405B,0.162405,257.95,2.6088,2.608643466983709,-0.00015653301629114935
token_tail_70_30,B1:0.162405:124000,N=0.162405B,0.162405,260.047,2.6081,2.6080499998124256,-5.000018757428393e-05
token_tail_70_30,B1:0.162405:125000,N=0.162405B,0.162405,262.144,2.6074,2.607462626290636,6.262629063602532e-05
token_tail_70_30,B1:0.162405:126000,N=0.162405B,0.162405,264.241,2.6069,2.6068812358492046,-1.876415079538063e-05
token_tail_70_30,B1:0.162405:127000,N=0.162405B,0.162405,266.338,2.6063,2.6063057207824873,5.720782487284026e-06
token_tail_70_30,B1:0.162405:128000,N=0.162405B,0.162405,268.435,2.6057,2.60573597615232,3.597615231987206e-05
token_tail_70_30,B1:0.162405:129000,N=0.162405B,0.162405,270.533,2.6053,2.605171632040022,-0.00012836795997817063
token_tail_70_30,B1:0.162405:130000,N=0.162405B,0.162405,272.63,2.6047,2.6046131267138684,-8.687328613143919e-05
token_tail_70_30,B1:0.162405:131000,N=0.162405B,0.162405,274.727,2.604,2.6040600926667694,6.0092666769318015e-05
token_tail_70_30,B1:0.162405:132000,N=0.162405B,0.162405,276.824,2.6037,2.6035124351475263,-0.00018756485247362065
token_tail_70_30,B1:0.162405:133000,N=0.162405B,0.162405,278.921,2.603,2.6029700617477762,-2.9938252223971062e-05
token_tail_70_30,B1:0.162405:134000,N=0.162405B,0.162405,281.018,2.6026,2.6024328823269687,-0.00016711767303112524
token_tail_70_30,B1:0.162405:135000,N=0.162405B,0.162405,283.116,2.602,2.6019005564138356,-9.944358616431614e-05
token_tail_70_30,B1:0.162405:136000,N=0.162405B,0.162405,285.213,2.6013,2.601373505616747,7.350561674668299e-05
token_tail_70_30,B1:0.162405:137000,N=0.162405B,0.162405,287.31,2.6008,2.600851391237412,5.1391237411824164e-05
token_tail_70_30,B1:0.162405:138000,N=0.162405B,0.162405,289.407,2.6005,2.600334131514039,-0.0001658684859608961
token_tail_70_30,B1:0.162405:139000,N=0.162405B,0.162405,291.504,2.5999,2.599821646619,-7.835338099981826e-05
token_tail_70_30,B1:0.162405:140000,N=0.162405B,0.162405,293.601,2.5993,2.599313858599553,1.385859955327362e-05
token_tail_70_30,B1:0.162405:141000,N=0.162405B,0.162405,295.698,2.5989,2.5988106913207885,-8.930867921153052e-05
token_tail_70_30,B1:0.162405:142000,N=0.162405B,0.162405,297.796,2.5985,2.5983118337054023,-0.00018816629459772471
token_tail_70_30,B1:0.162405:143000,N=0.162405B,0.162405,299.893,2.5978,2.5978176886183304,1.7688618330513606e-05
token_tail_70_30,B1:0.409009:99000,N=0.409009B,0.409009,207.618,2.4481,2.448092030262781,-7.969737219060136e-06
token_tail_70_30,B1:0.409009:100000,N=0.409009B,0.409009,209.715,2.4475,2.4473094888827296,-0.00019051111727019787
token_tail_70_30,B1:0.409009:101000,N=0.409009B,0.409009,211.812,2.4466,2.4465368987543576,-6.310124564246067e-05
token_tail_70_30,B1:0.409009:102000,N=0.409009B,0.409009,213.91,2.446,2.4457736751727155,-0.00022632482728468517
token_tail_70_30,B1:0.409009:103000,N=0.409009B,0.409009,216.007,2.4452,2.445020329554713,-0.0001796704452869946
token_tail_70_30,B1:0.409009:104000,N=0.409009B,0.409009,218.104,2.4443,2.444276286581489,-2.371341851103992e-05
token_tail_70_30,B1:0.409009:105000,N=0.409009B,0.409009,220.201,2.4437,2.4435413435803692,-0.00015865641963097588
token_tail_70_30,B1:0.409009:106000,N=0.409009B,0.409009,222.298,2.4429,2.4428153041708742,-8.469582912562501e-05
token_tail_70_30,B1:0.409009:107000,N=0.409009B,0.409009,224.395,2.4423,2.4420979780122067,-0.00020202198779317726
token_tail_70_30,B1:0.409009:108000,N=0.409009B,0.409009,226.492,2.4413,2.441389180563115,8.918056311513212e-05
token_tail_70_30,B1:0.409009:109000,N=0.409009B,0.409009,228.59,2.4408,2.440688400793727,-0.00011159920627301645
token_tail_70_30,B1:0.409009:110000,N=0.409009B,0.409009,230.687,2.4401,2.439996133065274,-0.0001038669347259713
token_tail_70_30,B1:0.409009:111000,N=0.409009B,0.409009,232.784,2.4391,2.439311872910528,0.0002118729105280437
token_tail_70_30,B1:0.409009:112000,N=0.409009B,0.409009,234.881,2.4385,2.4386354568110375,0.00013545681103765972
token_tail_70_30,B1:0.409009:113000,N=0.409009B,0.409009,236.978,2.4377,2.4379667260094666,0.0002667260094666446
token_tail_70_30,B1:0.409009:114000,N=0.409009B,0.409009,239.075,2.4373,2.4373055263302907,5.526330290717141e-06
token_tail_70_30,B1:0.409009:115000,N=0.409009B,0.409009,241.172,2.4368,2.4366517080087498,-0.00014829199125010462
token_tail_70_30,B1:0.409009:116000,N=0.409009B,0.409009,243.27,2.4362,2.4360048188941636,-0.0001951811058362729
token_tail_70_30,B1:0.409009:117000,N=0.409009B,0.409009,245.367,2.4354,2.4353653341779067,-3.4665822093327137e-05
token_tail_70_30,B1:0.409009:118000,N=0.409009B,0.409009,247.464,2.4349,2.4347328063291425,-0.00016719367085737957
token_tail_70_30,B1:0.409009:119000,N=0.409009B,0.409009,249.561,2.434,2.4341071016675313,0.00010710166753113981
token_tail_70_30,B1:0.409009:120000,N=0.409009B,0.409009,251.658,2.4333,2.433488090177317,0.000188090177316802
token_tail_70_30,B1:0.409009:121000,N=0.409009B,0.409009,253.755,2.4329,2.4328756453773273,-2.4354622672806414e-05
token_tail_70_30,B1:0.409009:122000,N=0.409009B,0.409009,255.853,2.4323,2.4322693567297318,-3.064327026836011e-05
token_tail_70_30,B1:0.409009:123000,N=0.409009B,0.409009,257.95,2.4317,2.431669682376176,-3.0317623824327455e-05
token_tail_70_30,B1:0.409009:124000,N=0.409009B,0.409009,260.047,2.4309,2.4310762152048926,0.000176215204892749
token_tail_70_30,B1:0.409009:125000,N=0.409009B,0.409009,262.144,2.4305,2.430488841683103,-1.115831689668667e-05
token_tail_70_30,B1:0.409009:126000,N=0.409009B,0.409009,264.241,2.4298,2.4299074512416716,0.00010745124167144127
token_tail_70_30,B1:0.409009:127000,N=0.409009B,0.409009,266.338,2.4294,2.4293319361749544,-6.806382504542796e-05
token_tail_70_30,B1:0.409009:128000,N=0.409009B,0.409009,268.435,2.4288,2.428762191544787,-3.780845521283993e-05
token_tail_70_30,B1:0.409009:129000,N=0.409009B,0.409009,270.533,2.4281,2.428197847432489,9.78474324888623e-05
token_tail_70_30,B1:0.409009:130000,N=0.409009B,0.409009,272.63,2.4276,2.4276393421063354,3.934210633538271e-05
token_tail_70_30,B1:0.409009:131000,N=0.409009B,0.409009,274.727,2.427,2.4270863080592364,8.630805923637297e-05
token_tail_70_30,B1:0.409009:132000,N=0.409009B,0.409009,276.824,2.4266,2.4265386505399933,-6.134946000679875e-05
token_tail_70_30,B1:0.409009:133000,N=0.409009B,0.409009,278.921,2.4261,2.4259962771402432,-0.00010372285975668305
token_tail_70_30,B1:0.409009:134000,N=0.409009B,0.409009,281.018,2.4254,2.4254590977194357,5.909771943590769e-05
token_tail_70_30,B1:0.409009:135000,N=0.409009B,0.409009,283.116,2.425,2.4249267718063026,-7.322819369726119e-05
token_tail_70_30,B1:0.409009:136000,N=0.409009B,0.409009,285.213,2.4244,2.424399721009214,-2.7899078602899863e-07
token_tail_70_30,B1:0.409009:137000,N=0.409009B,0.409009,287.31,2.4238,2.423877606629879,7.760662987887912e-05
token_tail_70_30,B1:0.409009:138000,N=0.409009B,0.409009,289.407,2.4234,2.423360346906506,-3.96530934940742e-05
token_tail_70_30,B1:0.409009:139000,N=0.409009B,0.409009,291.504,2.4228,2.422847862011467,4.786201146700364e-05
token_tail_70_30,B1:0.409009:140000,N=0.409009B,0.409009,293.601,2.4223,2.4223400739920202,4.0073992020328575e-05
token_tail_70_30,B1:0.409009:141000,N=0.409009B,0.409009,295.698,2.4217,2.4218369067132555,0.0001369067132555024
token_tail_70_30,B1:0.409009:142000,N=0.409009B,0.409009,297.796,2.4216,2.4213380490978693,-0.0002619509021308808
token_tail_70_30,B1:0.409009:143000,N=0.409009B,0.409009,299.893,2.4209,2.4208439040107974,-5.609598920264247e-05
token_tail_70_30,B1:1.040867:99000,N=1.040867B,1.040867,207.618,2.3178,2.3175737763008546,-0.00022622369914548912
token_tail_70_30,B1:1.040867:100000,N=1.040867B,1.040867,209.715,2.3168,2.316791234920803,-8.765079197115e-06
token_tail_70_30,B1:1.040867:101000,N=1.040867B,1.040867,211.812,2.316,2.316018644792431,1.864479243129935e-05
token_tail_70_30,B1:1.040867:102000,N=1.040867B,1.040867,213.91,2.3153,2.315255421210789,-4.457878921115821e-05
token_tail_70_30,B1:1.040867:103000,N=1.040867B,1.040867,216.007,2.3143,2.3145020755927863,0.00020207559278651033
token_tail_70_30,B1:1.040867:104000,N=1.040867B,1.040867,218.104,2.3138,2.3137580326195626,-4.196738043749093e-05
token_tail_70_30,B1:1.040867:105000,N=1.040867B,1.040867,220.201,2.3131,2.3130230896184427,-7.691038155721586e-05
token_tail_70_30,B1:1.040867:106000,N=1.040867B,1.040867,222.298,2.3122,2.3122970502089477,9.705020894790195e-05
token_tail_70_30,B1:1.040867:107000,N=1.040867B,1.040867,224.395,2.3117,2.3115797240502802,-0.00012027594971986133
token_tail_70_30,B1:1.040867:108000,N=1.040867B,1.040867,226.492,2.3109,2.3108709266011886,-2.9073398811529927e-05
token_tail_70_30,B1:1.040867:109000,N=1.040867B,1.040867,228.59,2.3101,2.3101701468318003,7.014683180051051e-05
token_tail_70_30,B1:1.040867:110000,N=1.040867B,1.040867,230.687,2.3096,2.3094778791033477,-0.00012212089665242232
token_tail_70_30,B1:1.040867:111000,N=1.040867B,1.040867,232.784,2.309,2.3087936189486014,-0.00020638105139880736
token_tail_70_30,B1:1.040867:112000,N=1.040867B,1.040867,234.881,2.3081,2.308117202849111,1.7202849110997676e-05
token_tail_70_30,B1:1.040867:113000,N=1.040867B,1.040867,236.978,2.3075,2.30744847204754,-5.152795245999542e-05
token_tail_70_30,B1:1.040867:114000,N=1.040867B,1.040867,239.075,2.3068,2.3067872723683642,-1.2727631635733871e-05
token_tail_70_30,B1:1.040867:115000,N=1.040867B,1.040867,241.172,2.3061,2.3061334540468232,3.3454046823422345e-05
token_tail_70_30,B1:1.040867:116000,N=1.040867B,1.040867,243.27,2.3056,2.305486564932237,-0.00011343506776295698
token_tail_70_30,B1:1.040867:117000,N=1.040867B,1.040867,245.367,2.3048,2.30484708021598,4.708021597998879e-05
token_tail_70_30,B1:1.040867:118000,N=1.040867B,1.040867,247.464,2.3042,2.304214552367216,1.4552367216147388e-05
token_tail_70_30,B1:1.040867:119000,N=1.040867B,1.040867,249.561,2.3036,2.303588847705605,-1.1152294395078144e-05
token_tail_70_30,B1:1.040867:120000,N=1.040867B,1.040867,251.658,2.303,2.3029698362153903,-3.0163784609626987e-05
token_tail_70_30,B1:1.040867:121000,N=1.040867B,1.040867,253.755,2.3024,2.3023573914154007,-4.2608584599257426e-05
token_tail_70_30,B1:1.040867:122000,N=1.040867B,1.040867,255.853,2.3019,2.3017511027678053,-0.00014889723219457807
token_tail_70_30,B1:1.040867:123000,N=1.040867B,1.040867,257.95,2.3011,2.3011514284142494,5.1428414249432564e-05
token_tail_70_30,B1:1.040867:124000,N=1.040867B,1.040867,260.047,2.3005,2.300557961242966,5.7961242966086957e-05
token_tail_70_30,B1:1.040867:125000,N=1.040867B,1.040867,262.144,2.2999,2.2999705877211767,7.058772117662926e-05
token_tail_70_30,B1:1.040867:126000,N=1.040867B,1.040867,264.241,2.2994,2.299389197279745,-1.0802720254776688e-05
token_tail_70_30,B1:1.040867:127000,N=1.040867B,1.040867,266.338,2.2989,2.298813682213028,-8.631778697232306e-05
token_tail_70_30,B1:1.040867:128000,N=1.040867B,1.040867,268.435,2.2983,2.2982439375828605,-5.606241713929094e-05
token_tail_70_30,B1:1.040867:129000,N=1.040867B,1.040867,270.533,2.2976,2.2976795934705625,7.959347056241128e-05
token_tail_70_30,B1:1.040867:130000,N=1.040867B,1.040867,272.63,2.2972,2.297121088144409,-7.891185559127933e-05
token_tail_70_30,B1:1.040867:131000,N=1.040867B,1.040867,274.727,2.2967,2.29656805409731,-0.00013194590269005602
token_tail_70_30,B1:1.040867:132000,N=1.040867B,1.040867,276.824,2.2961,2.296020396578067,-7.960342193324976e-05
token_tail_70_30,B1:1.040867:133000,N=1.040867B,1.040867,278.921,2.2957,2.2954780231783167,-0.0002219768216833451
token_tail_70_30,B1:1.040867:134000,N=1.040867B,1.040867,281.018,2.2949,2.294940843757509,4.084375750901259e-05
token_tail_70_30,B1:1.040867:135000,N=1.040867B,1.040867,283.116,2.2943,2.294408517844376,0.00010851784437626577
token_tail_70_30,B1:1.040867:136000,N=1.040867B,1.040867,285.213,2.2937,2.2938814670472873,0.00018146704728749796
token_tail_70_30,B1:1.040867:137000,N=1.040867B,1.040867,287.31,2.2935,2.2933593526679523,-0.00014064733204754987
token_tail_70_30,B1:1.040867:138000,N=1.040867B,1.040867,289.407,2.2929,2.2928420929445794,-5.790705542052521e-05
token_tail_70_30,B1:1.040867:139000,N=1.040867B,1.040867,291.504,2.2923,2.2923296080495406,2.9608049540552628e-05
token_tail_70_30,B1:1.040867:140000,N=1.040867B,1.040867,293.601,2.2919,2.2918218200300937,-7.817996990633347e-05
token_tail_70_30,B1:1.040867:141000,N=1.040867B,1.040867,295.698,2.2912,2.291318652751329,0.0001186527513290514
token_tail_70_30,B1:1.040867:142000,N=1.040867B,1.040867,297.796,2.2911,2.290819795135943,-0.0002802048640573318
token_tail_70_30,B1:1.040867:143000,N=1.040867B,1.040867,299.893,2.2904,2.290325650048871,-7.434995112909348e-05
token_tail_70_30,B1:1.416184:99000,N=1.416184B,1.416184,207.618,2.2829,2.282868364423431,-3.163557656904459e-05
token_tail_70_30,B1:1.416184:100000,N=1.416184B,1.416184,209.715,2.2821,2.2820858230433796,-1.417695662020435e-05
token_tail_70_30,B1:1.416184:101000,N=1.416184B,1.416184,211.812,2.2814,2.2813132329150076,-8.676708499244512e-05
token_tail_70_30,B1:1.416184:102000,N=1.416184B,1.416184,213.91,2.2805,2.2805500093333655,5.000933336551938e-05
token_tail_70_30,B1:1.416184:103000,N=1.416184B,1.416184,216.007,2.2797,2.279796663715363,9.666371536276586e-05
token_tail_70_30,B1:1.416184:104000,N=1.416184B,1.416184,218.104,2.2791,2.279052620742139,-4.737925786102437e-05
token_tail_70_30,B1:1.416184:105000,N=1.416184B,1.416184,220.201,2.2782,2.2783176777410192,0.00011767774101922868
token_tail_70_30,B1:1.416184:106000,N=1.416184B,1.416184,222.298,2.2776,2.2775916383315242,-8.36166847584252e-06
token_tail_70_30,B1:1.416184:107000,N=1.416184B,1.416184,224.395,2.2767,2.2768743121728567,0.00017431217285679423
token_tail_70_30,B1:1.416184:108000,N=1.416184B,1.416184,226.492,2.2763,2.276165514723765,-0.0001344852762348303
token_tail_70_30,B1:1.416184:109000,N=1.416184B,1.416184,228.59,2.2755,2.275464734954377,-3.526504562323396e-05
token_tail_70_30,B1:1.416184:110000,N=1.416184B,1.416184,230.687,2.2748,2.274772467225924,-2.7532774075744726e-05
token_tail_70_30,B1:1.416184:111000,N=1.416184B,1.416184,232.784,2.2742,2.274088207071178,-0.00011179292882212977
token_tail_70_30,B1:1.416184:112000,N=1.416184B,1.416184,234.881,2.2736,2.2734117909716876,-0.00018820902831251374
token_tail_70_30,B1:1.416184:113000,N=1.416184B,1.416184,236.978,2.2728,2.2727430601701166,-5.693982988352886e-05
token_tail_70_30,B1:1.416184:114000,N=1.416184B,1.416184,239.075,2.2719,2.2720818604909407,0.00018186049094071066
token_tail_70_30,B1:1.416184:115000,N=1.416184B,1.416184,241.172,2.2713,2.2714280421693998,0.00012804216939965585
token_tail_70_30,B1:1.416184:116000,N=1.416184B,1.416184,243.27,2.2707,2.2707811530548137,8.115305481348756e-05
token_tail_70_30,B1:1.416184:117000,N=1.416184B,1.416184,245.367,2.2702,2.2701416683385567,-5.833166144331159e-05
token_tail_70_30,B1:1.416184:118000,N=1.416184B,1.416184,247.464,2.2696,2.2695091404897925,-9.085951020759708e-05
token_tail_70_30,B1:1.416184:119000,N=1.416184B,1.416184,249.561,2.2688,2.2688834358281813,8.343582818115536e-05
token_tail_70_30,B1:1.416184:120000,N=1.416184B,1.416184,251.658,2.2683,2.268264424337967,-3.557566203316043e-05
token_tail_70_30,B1:1.416184:121000,N=1.416184B,1.416184,253.755,2.2676,2.2676519795379773,5.1979537977420165e-05
token_tail_70_30,B1:1.416184:122000,N=1.416184B,1.416184,255.853,2.267,2.2670456908903818,4.569089038186647e-05
token_tail_70_30,B1:1.416184:123000,N=1.416184B,1.416184,257.95,2.2663,2.266446016536826,0.00014601653682566607
token_tail_70_30,B1:1.416184:124000,N=1.416184B,1.416184,260.047,2.2658,2.2658525493655426,5.254936554255352e-05
token_tail_70_30,B1:1.416184:125000,N=1.416184B,1.416184,262.144,2.2652,2.265265175843753,6.517584375309582e-05
token_tail_70_30,B1:1.416184:126000,N=1.416184B,1.416184,264.241,2.2646,2.2646837854023216,8.378540232145681e-05
token_tail_70_30,B1:1.416184:127000,N=1.416184B,1.416184,266.338,2.2642,2.2641082703356044,-9.17296643958565e-05
token_tail_70_30,B1:1.416184:128000,N=1.416184B,1.416184,268.435,2.2635,2.263538525705437,3.852570543694256e-05
token_tail_70_30,B1:1.416184:129000,N=1.416184B,1.416184,270.533,2.2632,2.262974181593139,-0.00022581840686086707
token_tail_70_30,B1:1.416184:130000,N=1.416184B,1.416184,272.63,2.2625,2.2624156762669854,-8.432373301481277e-05
token_tail_70_30,B1:1.416184:131000,N=1.416184B,1.416184,274.727,2.2619,2.2618626422198864,-3.7357780113378425e-05
token_tail_70_30,B1:1.416184:132000,N=1.416184B,1.416184,276.824,2.2613,2.2613149847006433,1.4984700643427828e-05
token_tail_70_30,B1:1.416184:133000,N=1.416184B,1.416184,278.921,2.2609,2.2607726113008932,-0.0001273886991066675
token_tail_70_30,B1:1.416184:134000,N=1.416184B,1.416184,281.018,2.2602,2.2602354318800857,3.543188008547915e-05
token_tail_70_30,B1:1.416184:135000,N=1.416184B,1.416184,283.116,2.2597,2.2597031059669526,3.1059669525212996e-06
token_tail_70_30,B1:1.416184:136000,N=1.416184B,1.416184,285.213,2.2594,2.259176055169864,-0.00022394483013599142
token_tail_70_30,B1:1.416184:137000,N=1.416184B,1.416184,287.31,2.2587,2.258653940790529,-4.6059209471316365e-05
token_tail_70_30,B1:1.416184:138000,N=1.416184B,1.416184,289.407,2.2583,2.258136681067156,-0.00016331893284426968
token_tail_70_30,B1:1.416184:139000,N=1.416184B,1.416184,291.504,2.2576,2.257624196172117,2.4196172117019188e-05
token_tail_70_30,B1:1.416184:140000,N=1.416184B,1.416184,293.601,2.2571,2.2571164081526702,1.6408152670344123e-05
token_tail_70_30,B1:1.416184:141000,N=1.416184B,1.416184,295.698,2.2568,2.2566132408739055,-0.00018675912609467105
token_tail_70_30,B1:1.416184:142000,N=1.416184B,1.416184,297.796,2.2561,2.2561143832585193,1.438325851932376e-05
token_tail_70_30,B1:1.416184:143000,N=1.416184B,1.416184,299.893,2.2558,2.2556202381714474,-0.00017976182855239387
token_tail_70_30,B1:2.782831:99000,N=2.782831B,2.782831,207.618,2.2184,2.2183402774190135,-5.972258098640992e-05
token_tail_70_30,B1:2.782831:100000,N=2.782831B,2.782831,209.715,2.2178,2.217557736038962,-0.00024226396103799175
token_tail_70_30,B1:2.782831:101000,N=2.782831B,2.782831,211.812,2.2168,2.21678514591059,-1.4854089410043514e-05
token_tail_70_30,B1:2.782831:102000,N=2.782831B,2.782831,213.91,2.216,2.216021922328948,2.1922328947709957e-05
token_tail_70_30,B1:2.782831:103000,N=2.782831B,2.782831,216.007,2.2154,2.215268576710945,-0.00013142328905502154
token_tail_70_30,B1:2.782831:104000,N=2.782831B,2.782831,218.104,2.2146,2.2145245337377215,-7.54662622783897e-05
token_tail_70_30,B1:2.782831:105000,N=2.782831B,2.782831,220.201,2.214,2.213789590736601,-0.00021040926339876975
token_tail_70_30,B1:2.782831:106000,N=2.782831B,2.782831,222.298,2.2131,2.2130635513271066,-3.6448672893207856e-05
token_tail_70_30,B1:2.782831:107000,N=2.782831B,2.782831,224.395,2.2123,2.212346225168439,4.622516843921787e-05
token_tail_70_30,B1:2.782831:108000,N=2.782831B,2.782831,226.492,2.2117,2.2116374277193476,-6.25722806524287e-05
token_tail_70_30,B1:2.782831:109000,N=2.782831B,2.782831,228.59,2.211,2.2109366479499593,-6.33520500405993e-05
token_tail_70_30,B1:2.782831:110000,N=2.782831B,2.782831,230.687,2.2103,2.2102443802215066,-5.561977849355415e-05
token_tail_70_30,B1:2.782831:111000,N=2.782831B,2.782831,232.784,2.2096,2.2095601200667603,-3.987993323972816e-05
token_tail_70_30,B1:2.782831:112000,N=2.782831B,2.782831,234.881,2.209,2.20888370396727,-0.00011629603273011213
token_tail_70_30,B1:2.782831:113000,N=2.782831B,2.782831,236.978,2.2083,2.208214973165699,-8.50268343008942e-05
token_tail_70_30,B1:2.782831:114000,N=2.782831B,2.782831,239.075,2.2077,2.2075537734865227,-0.00014622651347728777
token_tail_70_30,B1:2.782831:115000,N=2.782831B,2.782831,241.172,2.207,2.206899955164982,-0.00010004483501768746
token_tail_70_30,B1:2.782831:116000,N=2.782831B,2.782831,243.27,2.2063,2.2062530660503965,-4.693394960364472e-05
token_tail_70_30,B1:2.782831:117000,N=2.782831B,2.782831,245.367,2.2056,2.205613581334139,1.3581334139090018e-05
token_tail_70_30,B1:2.782831:118000,N=2.782831B,2.782831,247.464,2.2051,2.204981053485375,-0.00011894651462496242
token_tail_70_30,B1:2.782831:119000,N=2.782831B,2.782831,249.561,2.2043,2.2043553488237637,5.534882376379002e-05
token_tail_70_30,B1:2.782831:120000,N=2.782831B,2.782831,251.658,2.2038,2.2037363373335492,-6.366266645096985e-05
token_tail_70_30,B1:2.782831:121000,N=2.782831B,2.782831,253.755,2.2031,2.2031238925335597,2.389253355961074e-05
token_tail_70_30,B1:2.782831:122000,N=2.782831B,2.782831,255.853,2.2025,2.202517603885964,1.7603885964057042e-05
token_tail_70_30,B1:2.782831:123000,N=2.782831B,2.782831,257.95,2.202,2.2019179295324083,-8.207046759167724e-05
token_tail_70_30,B1:2.782831:124000,N=2.782831B,2.782831,260.047,2.2014,2.201324462361125,-7.553763887502285e-05
token_tail_70_30,B1:2.782831:125000,N=2.782831B,2.782831,262.144,2.2008,2.200737088839335,-6.291116066492464e-05
token_tail_70_30,B1:2.782831:126000,N=2.782831B,2.782831,264.241,2.2001,2.200155698397904,5.569839790409148e-05
token_tail_70_30,B1:2.782831:127000,N=2.782831B,2.782831,266.338,2.1997,2.1995801833311868,-0.00011981666881322184
token_tail_70_30,B1:2.782831:128000,N=2.782831B,2.782831,268.435,2.1991,2.199010438701019,-8.95612989810779e-05
token_tail_70_30,B1:2.782831:129000,N=2.782831B,2.782831,270.533,2.1986,2.1984460945887214,-0.00015390541127846546
token_tail_70_30,B1:2.782831:130000,N=2.782831B,2.782831,272.63,2.1979,2.1978875892625678,-1.2410737432411167e-05
token_tail_70_30,B1:2.782831:131000,N=2.782831B,2.782831,274.727,2.1974,2.197334555215469,-6.544478453118785e-05
token_tail_70_30,B1:2.782831:132000,N=2.782831B,2.782831,276.824,2.1968,2.1967868976962257,-1.3102303774381596e-05
token_tail_70_30,B1:2.782831:133000,N=2.782831B,2.782831,278.921,2.1964,2.1962445242964757,-0.00015547570352447693
token_tail_70_30,B1:2.782831:134000,N=2.782831B,2.782831,281.018,2.1957,2.195707344875668,7.344875668113815e-06
token_tail_70_30,B1:2.782831:135000,N=2.782831B,2.782831,283.116,2.1952,2.195175018962535,-2.4981037464844036e-05
token_tail_70_30,B1:2.782831:136000,N=2.782831B,2.782831,285.213,2.1947,2.1946479681654463,-5.2031834553822875e-05
token_tail_70_30,B1:2.782831:137000,N=2.782831B,2.782831,287.31,2.1942,2.1941258537861112,-7.41462138886817e-05
token_tail_70_30,B1:2.782831:138000,N=2.782831B,2.782831,289.407,2.1936,2.1936085940627383,8.594062738342956e-06
token_tail_70_30,B1:2.782831:139000,N=2.782831B,2.782831,291.504,2.1931,2.1930961091676995,-3.8908323003461476e-06
token_tail_70_30,B1:2.782831:140000,N=2.782831B,2.782831,293.601,2.1927,2.1925883211482526,-0.00011167885174723224
token_tail_70_30,B1:2.782831:141000,N=2.782831B,2.782831,295.698,2.192,2.192085153869488,8.515386948770853e-05
token_tail_70_30,B1:2.782831:142000,N=2.782831B,2.782831,297.796,2.1916,2.1915862962541017,-1.3703745898485664e-05
token_tail_70_30,B1:2.782831:143000,N=2.782831B,2.782831,299.893,2.1911,2.1910921511670303,-7.848832969781228e-06
token_tail_70_30,B1:6.86104:99000,N=6.86104B,6.86104,207.618,2.1524,2.1523060395542064,-9.396044579368379e-05
token_tail_70_30,B1:6.86104:100000,N=6.86104B,6.86104,209.715,2.1515,2.151523498174155,2.349817415492339e-05
token_tail_70_30,B1:6.86104:101000,N=6.86104B,6.86104,211.812,2.1509,2.150750908045783,-0.00014909195421708432
token_tail_70_30,B1:6.86104:102000,N=6.86104B,6.86104,213.91,2.1499,2.149987684464141,8.768446414064712e-05
token_tail_70_30,B1:6.86104:103000,N=6.86104B,6.86104,216.007,2.1491,2.1492343388461377,0.0001343388461378936
token_tail_70_30,B1:6.86104:104000,N=6.86104B,6.86104,218.104,2.1485,2.1484902958729144,-9.70412708545254e-06
token_tail_70_30,B1:6.86104:105000,N=6.86104B,6.86104,220.201,2.1478,2.147755352871794,-4.4647128206065645e-05
token_tail_70_30,B1:6.86104:106000,N=6.86104B,6.86104,222.298,2.1472,2.1470293134622995,-0.00017068653770069275
token_tail_70_30,B1:6.86104:107000,N=6.86104B,6.86104,224.395,2.1463,2.146311987303632,1.1987303631944002e-05
token_tail_70_30,B1:6.86104:108000,N=6.86104B,6.86104,226.492,2.1457,2.1456031898545405,-9.681014545970257e-05
token_tail_70_30,B1:6.86104:109000,N=6.86104B,6.86104,228.59,2.1449,2.144902410085152,2.410085152337871e-06
token_tail_70_30,B1:6.86104:110000,N=6.86104B,6.86104,230.687,2.1442,2.1442101423566995,1.0142356699383015e-05
token_tail_70_30,B1:6.86104:111000,N=6.86104B,6.86104,232.784,2.1436,2.143525882201953,-7.411779804700203e-05
token_tail_70_30,B1:6.86104:112000,N=6.86104B,6.86104,234.881,2.1429,2.142849466102463,-5.0533897537174965e-05
token_tail_70_30,B1:6.86104:113000,N=6.86104B,6.86104,236.978,2.1421,2.142180735300892,8.073530089180991e-05
token_tail_70_30,B1:6.86104:114000,N=6.86104B,6.86104,239.075,2.1416,2.1415195356217156,-8.04643782843506e-05
token_tail_70_30,B1:6.86104:115000,N=6.86104B,6.86104,241.172,2.141,2.140865717300175,-0.00013428269982496133
token_tail_70_30,B1:6.86104:116000,N=6.86104B,6.86104,243.27,2.1402,2.1402188281855894,1.8828185589292445e-05
token_tail_70_30,B1:6.86104:117000,N=6.86104B,6.86104,245.367,2.1396,2.139579343469332,-2.0656530668183848e-05
token_tail_70_30,B1:6.86104:118000,N=6.86104B,6.86104,247.464,2.139,2.1389468156205678,-5.318437943202525e-05
token_tail_70_30,B1:6.86104:119000,N=6.86104B,6.86104,249.561,2.1384,2.1383211109589566,-7.888904104325078e-05
token_tail_70_30,B1:6.86104:120000,N=6.86104B,6.86104,251.658,2.1377,2.137702099468742,2.099468741967314e-06
token_tail_70_30,B1:6.86104:121000,N=6.86104B,6.86104,253.755,2.1371,2.1370896546687526,-1.0345331247663125e-05
token_tail_70_30,B1:6.86104:122000,N=6.86104B,6.86104,255.853,2.1365,2.136483366021157,-1.6633978842772734e-05
token_tail_70_30,B1:6.86104:123000,N=6.86104B,6.86104,257.95,2.136,2.135883691667601,-0.00011630833239895111
token_tail_70_30,B1:6.86104:124000,N=6.86104B,6.86104,260.047,2.1353,2.135290224496318,-9.775503682085684e-06
token_tail_70_30,B1:6.86104:125000,N=6.86104B,6.86104,262.144,2.1347,2.134702850974528,2.8509745280125287e-06
token_tail_70_30,B1:6.86104:126000,N=6.86104B,6.86104,264.241,2.1342,2.134121460533097,-7.853946690294933e-05
token_tail_70_30,B1:6.86104:127000,N=6.86104B,6.86104,266.338,2.1334,2.1335459454663797,0.0001459454663796933
token_tail_70_30,B1:6.86104:128000,N=6.86104B,6.86104,268.435,2.1331,2.132976200836212,-0.00012379916378835176
token_tail_70_30,B1:6.86104:129000,N=6.86104B,6.86104,270.533,2.1323,2.1324118567239143,0.00011185672391444967
token_tail_70_30,B1:6.86104:130000,N=6.86104B,6.86104,272.63,2.1318,2.1318533513977607,5.3351397760526e-05
token_tail_70_30,B1:6.86104:131000,N=6.86104B,6.86104,274.727,2.1312,2.1313003173506617,0.00010031735066151626
token_tail_70_30,B1:6.86104:132000,N=6.86104B,6.86104,276.824,2.1307,2.1307526598314186,5.265983141855557e-05
token_tail_70_30,B1:6.86104:133000,N=6.86104B,6.86104,278.921,2.1303,2.1302102864316685,-8.971356833153976e-05
token_tail_70_30,B1:6.86104:134000,N=6.86104B,6.86104,281.018,2.1297,2.129673107010861,-2.689298913916005e-05
token_tail_70_30,B1:6.86104:135000,N=6.86104B,6.86104,283.116,2.1292,2.129140781097728,-5.92189022721179e-05
token_tail_70_30,B1:6.86104:136000,N=6.86104B,6.86104,285.213,2.1286,2.128613730300639,1.373030063911429e-05
token_tail_70_30,B1:6.86104:137000,N=6.86104B,6.86104,287.31,2.1281,2.128091615921304,-8.384078695744535e-06
token_tail_70_30,B1:6.86104:138000,N=6.86104B,6.86104,289.407,2.1276,2.1275743561979312,-2.564380206893091e-05
token_tail_70_30,B1:6.86104:139000,N=6.86104B,6.86104,291.504,2.127,2.1270618713028924,6.187130289259102e-05
token_tail_70_30,B1:6.86104:140000,N=6.86104B,6.86104,293.601,2.1266,2.1265540832834455,-4.591671655429508e-05
token_tail_70_30,B1:6.86104:141000,N=6.86104B,6.86104,295.698,2.126,2.1260509160046808,5.091600468087876e-05
token_tail_70_30,B1:6.86104:142000,N=6.86104B,6.86104,297.796,2.1255,2.1255520583892946,5.20583892944515e-05
token_tail_70_30,B1:6.86104:143000,N=6.86104B,6.86104,299.893,2.125,2.125057913302223,5.791330222315594e-05
token_tail_70_30,B1:11.965825:99000,N=11.965825B,11.965825,207.618,2.1206,2.1206205252242083,2.0525224208256532e-05
token_tail_70_30,B1:11.965825:100000,N=11.965825B,11.965825,209.715,2.1199,2.119837983844157,-6.201615584311426e-05
token_tail_70_30,B1:11.965825:101000,N=11.965825B,11.965825,211.812,2.119,2.119065393715785,6.539371578462294e-05
token_tail_70_30,B1:11.965825:102000,N=11.965825B,11.965825,213.91,2.1183,2.1183021701341427,2.17013414260947e-06
token_tail_70_30,B1:11.965825:103000,N=11.965825B,11.965825,216.007,2.1175,2.11754882451614,4.8824516139855945e-05
token_tail_70_30,B1:11.965825:104000,N=11.965825B,11.965825,218.104,2.1168,2.1168047815429163,4.781542916276749e-06
token_tail_70_30,B1:11.965825:105000,N=11.965825B,11.965825,220.201,2.1161,2.1160698385417964,-3.0161458203448177e-05
token_tail_70_30,B1:11.965825:106000,N=11.965825B,11.965825,222.298,2.1152,2.1153437991323014,0.00014379913230122554
token_tail_70_30,B1:11.965825:107000,N=11.965825B,11.965825,224.395,2.1147,2.114626472973634,-7.352702636609365e-05
token_tail_70_30,B1:11.965825:108000,N=11.965825B,11.965825,226.492,2.1139,2.1139176755245424,1.7675524542237753e-05
token_tail_70_30,B1:11.965825:109000,N=11.965825B,11.965825,228.59,2.1133,2.113216895755154,-8.310424484614387e-05
token_tail_70_30,B1:11.965825:110000,N=11.965825B,11.965825,230.687,2.1125,2.1125246280267014,2.4628026701556394e-05
token_tail_70_30,B1:11.965825:111000,N=11.965825B,11.965825,232.784,2.1119,2.111840367871955,-5.963212804482865e-05
token_tail_70_30,B1:11.965825:112000,N=11.965825B,11.965825,234.881,2.1112,2.1111639517724647,-3.6048227535445676e-05
token_tail_70_30,B1:11.965825:113000,N=11.965825B,11.965825,236.978,2.1105,2.110495220970894,-4.779029106227739e-06
token_tail_70_30,B1:11.965825:114000,N=11.965825B,11.965825,239.075,2.1099,2.109834021291718,-6.597870828217722e-05
token_tail_70_30,B1:11.965825:115000,N=11.965825B,11.965825,241.172,2.1092,2.109180202970177,-1.9797029823021006e-05
token_tail_70_30,B1:11.965825:116000,N=11.965825B,11.965825,243.27,2.1085,2.108533313855591,3.3313855591021735e-05
token_tail_70_30,B1:11.965825:117000,N=11.965825B,11.965825,245.367,2.1079,2.107893829139334,-6.170860666010469e-06
token_tail_70_30,B1:11.965825:118000,N=11.965825B,11.965825,247.464,2.1072,2.1072613012905697,6.130129056947098e-05
token_tail_70_30,B1:11.965825:119000,N=11.965825B,11.965825,249.561,2.1066,2.1066355966289585,3.5596628958689536e-05
token_tail_70_30,B1:11.965825:120000,N=11.965825B,11.965825,251.658,2.1059,2.106016585138744,0.00011658513874390763
token_tail_70_30,B1:11.965825:121000,N=11.965825B,11.965825,253.755,2.1055,2.1054041403387544,-9.585966124570078e-05
token_tail_70_30,B1:11.965825:122000,N=11.965825B,11.965825,255.853,2.1047,2.104797851691159,9.785169115916759e-05
token_tail_70_30,B1:11.965825:123000,N=11.965825B,11.965825,257.95,2.1042,2.104198177337603,-1.822662397010788e-06
token_tail_70_30,B1:11.965825:124000,N=11.965825B,11.965825,260.047,2.1036,2.10360471016632,4.710166319643605e-06
token_tail_70_30,B1:11.965825:125000,N=11.965825B,11.965825,262.144,2.1031,2.1030173366445304,-8.266335546958103e-05
token_tail_70_30,B1:11.965825:126000,N=11.965825B,11.965825,264.241,2.1024,2.102435946203099,3.594620309899099e-05
token_tail_70_30,B1:11.965825:127000,N=11.965825B,11.965825,266.338,2.102,2.1018604311363815,-0.00013956886361832233
token_tail_70_30,B1:11.965825:128000,N=11.965825B,11.965825,268.435,2.1013,2.101290686506214,-9.313493785967353e-06
token_tail_70_30,B1:11.965825:129000,N=11.965825B,11.965825,270.533,2.1008,2.100726342393916,-7.365760608379901e-05
token_tail_70_30,B1:11.965825:130000,N=11.965825B,11.965825,272.63,2.1001,2.1001678370677626,6.783706776269938e-05
token_tail_70_30,B1:11.965825:131000,N=11.965825B,11.965825,274.727,2.0998,2.0996148030206636,-0.00018519697933649937
token_tail_70_30,B1:11.965825:132000,N=11.965825B,11.965825,276.824,2.099,2.0990671455014205,6.714550142028486e-05
token_tail_70_30,B1:11.965825:133000,N=11.965825B,11.965825,278.921,2.0986,2.0985247721016704,-7.522789832936638e-05
token_tail_70_30,B1:11.965825:134000,N=11.965825B,11.965825,281.018,2.098,2.097987592680863,-1.2407319136986672e-05
token_tail_70_30,B1:11.965825:135000,N=11.965825B,11.965825,283.116,2.0975,2.0974552667677298,-4.473323227038861e-05
token_tail_70_30,B1:11.965825:136000,N=11.965825B,11.965825,285.213,2.0969,2.096928215970641,2.821597064084358e-05
token_tail_70_30,B1:11.965825:137000,N=11.965825B,11.965825,287.31,2.0964,2.096406101591306,6.101591305984755e-06
token_tail_70_30,B1:11.965825:138000,N=11.965825B,11.965825,289.407,2.0959,2.095888841867933,-1.1158132066757531e-05
token_tail_70_30,B1:11.965825:139000,N=11.965825B,11.965825,291.504,2.0954,2.0953763569728943,-2.3643027105890724e-05
token_tail_70_30,B1:11.965825:140000,N=11.965825B,11.965825,293.601,2.0949,2.0948685689534474,-3.143104655256579e-05
token_tail_70_30,B1:11.965825:141000,N=11.965825B,11.965825,295.698,2.0945,2.0943654016746827,-0.00013459832531736993
token_tail_70_30,B1:11.965825:142000,N=11.965825B,11.965825,297.796,2.0938,2.0938665440592965,6.654405929662488e-05
token_tail_70_30,B1:11.965825:143000,N=11.965825B,11.965825,299.893,2.0933,2.0933723989722246,7.239897222444114e-05
